source,BaseID,Name,r1,r2,r3,r4,r5,r6,r7,r8,r9,r10,updated
all,TRIPLEZERO,0-0-0,18373,2387,5849,801,88000,16015,22912,1305,549,17,2026-08-01T06:08:20.718418+00:00
all,4LOM,4-LOM,3676,3823,5304,3779,8744,3152,7065,920,1960,12,2026-08-01T01:37:37.201888+00:00
all,50RT,50R-T,17896,3508,7958,1462,78519,15125,18588,3807,1724,34,2026-08-01T07:07:26.900003+00:00
all,AAYLASECURA,Aayla Secura,1639,1431,92186,7526,54537,12027,16038,6921,3815,15,2026-07-31T20:30:45.032317+00:00
all,ADMIRALACKBAR,Admiral Ackbar,17299,6829,169723,7935,22803,8010,32330,3855,286,37,2026-07-31T22:30:59.254892+00:00
all,ADMIRALPIETT,Admiral Piett,22984,6096,4437,2052,49782,7283,8532,154748,30385,1886,2026-07-31T09:01:00.582883+00:00
all,ADMIRALRADDUS,Admiral Raddus,9122,4051,5644,1476,18754,8550,10031,1386,116628,1203,2026-08-01T07:07:08.958442+00:00
all,TRENCH,Admiral Trench,6081,4465,8435,4018,14591,13756,12394,3905,286,23,2026-08-01T06:07:14.121969+00:00
all,GLAHSOKATANO,Ahsoka Tano,17,27,85,161,579,539,10649,7203,37678,25652,2026-08-01T03:07:41.213505+00:00
all,FULCRUMAHSOKA,Ahsoka Tano (Fulcrum),38763,7140,20972,4177,24767,10222,6083,1501,88176,140,2026-07-31T16:01:04.163179+00:00
all,AHSOKATANO,Ahsoka Tano (Snips),25523,32716,40433,31538,99564,20595,39497,5498,94746,233,2026-07-31T18:30:55.094404+00:00
all,AMILYNHOLDO,Amilyn Holdo,2488,951,1379,389,164280,18564,6899,834,791,15,2026-07-31T13:00:28.703306+00:00
all,ARCTROOPER501ST,ARC Trooper,2751,3067,8338,3833,25427,6928,16805,146588,191,6,2026-07-31T10:01:01.359497+00:00
all,ASAJVENTRESS,Asajj Ventress,15633,8625,49142,19271,128963,19104,25452,5453,649,74,2026-07-31T19:30:11.242472+00:00
all,ASAJJDARKDISCIPLE,Asajj Ventress (Dark Disciple),4631,7538,4922,6974,5740,24157,8589,1359,1600,29,2026-08-01T01:37:07.464407+00:00
all,AURRA_SING,Aurra Sing,3322,1906,1733,1045,18758,150195,5882,4112,173,3,2026-07-31T12:00:09.798903+00:00
all,B1BATTLEDROIDV2,B1 Battle Droid,18238,12535,62134,41624,104841,12818,20102,726,238,6,2026-07-31T11:00:15.356775+00:00
all,B2SUPERBATTLEDROID,B2 Super Battle Droid,18315,14226,71021,35980,91222,15322,17672,3233,214,5,2026-07-31T23:30:26.956250+00:00
all,BARRISSOFFEE,Barriss Offee,4865,3972,7332,2864,95931,13610,20627,3712,2094,52,2026-07-31T20:00:43.654083+00:00
all,BASTILASHAN,Bastila Shan,8390,10187,40050,17068,46216,21334,110254,3776,2071,68,2026-07-31T12:01:02.816075+00:00
all,BASTILASHANDARK,Bastila Shan (Fallen),6246,8914,50781,23371,104485,26377,37118,4176,573,22,2026-07-31T11:00:54.908974+00:00
all,BATCHERS3,Batcher,13107,3609,10819,3054,33762,9438,8051,1724,763,8,2026-08-01T03:07:27.061464+00:00
all,BAYLANSKOLL,Baylan Skoll,1011,1105,2329,2435,11782,5527,50131,14226,8509,1091,2026-08-01T03:37:08.583902+00:00
all,BAZEMALBUS,Baze Malbus,7140,2410,7347,1731,47395,8079,12639,2232,1556,14,2026-07-31T17:30:40.557925+00:00
all,BB8,BB-8,2864,2523,12855,1821,2971,691,158729,3197,223,8,2026-07-31T14:00:20.884248+00:00
all,BENSOLO,Ben Solo,2505,2488,6328,3848,26931,15278,47485,16490,6904,1507,2026-08-01T06:40:31.111368+00:00
all,BIGGSDARKLIGHTER,Biggs Darklighter,1589,651,163205,7473,61349,3390,8994,447,80,5,2026-07-31T22:00:59.073100+00:00
all,BISTAN,Bistan,2497,599,544,222,106689,2844,26231,2191,809,1,2026-07-31T17:30:42.921666+00:00
all,MANDALORBOKATAN,Bo-Katan (Mand'alor),766,915,2059,2065,9125,3695,70410,19880,7333,499,2026-08-01T04:37:27.185226+00:00
all,BOKATAN,Bo-Katan Kryze,3334,1873,2793,1201,162043,17377,20379,3200,1913,10,2026-07-31T08:31:31.353622+00:00
all,BOBAFETT,Boba Fett,22564,21969,20289,11220,56483,9815,31673,186559,3325,296,2026-07-31T22:30:28.786007+00:00
all,BOBAFETTSCION,"Boba Fett, Scion of Jango",6896,5526,7559,3525,11651,17609,23499,7599,4139,30,2026-07-31T08:00:10.567146+00:00
all,BODHIROOK,Bodhi Rook,6007,2338,5339,1192,46597,5337,10981,286,988,8,2026-07-31T16:30:29.763086+00:00
all,BOSSNASS,Boss Nass,43715,3921,14664,1490,70420,34725,34964,11004,2268,242,2026-08-01T04:37:07.889770+00:00
all,BOSSK,Bossk,19342,15338,14280,8468,159155,17881,36679,63441,3352,161,2026-07-31T12:31:03.102831+00:00
all,BOUSHH,Boushh (Leia Organa),8102,2630,2754,956,126647,24831,40817,16164,5112,190,2026-08-01T06:39:15.960851+00:00
all,BRUTUS,Brutus,1298,1477,1655,2129,2587,348,34871,7552,12134,146,2026-08-01T02:07:30.530084+00:00
all,BT1,BT-1,15196,1743,6088,693,82198,16809,22250,4572,805,72,2026-08-01T06:37:32.274674+00:00
all,C3POLEGENDARY,C-3PO,2283,3072,22966,9494,54346,7481,160403,4511,1293,10,2026-07-31T11:00:34.949375+00:00
all,CADBANE,Cad Bane,3365,3083,5213,2359,198869,10514,29775,5855,1039,73,2026-07-31T21:01:00.845792+00:00
all,CALKESTIS,Cal Kestis,17317,9815,24569,7719,50221,20063,41641,3747,900,84,2026-08-01T05:37:41.261847+00:00
all,CANDEROUSORDO,Canderous Ordo,10360,8198,44400,6029,66404,6042,4846,10753,78,5,2026-07-31T11:30:08.178825+00:00
all,CARSONTEVA,Captain Carson Teva,1765,2356,870,5252,2316,493,755,358,516,8,2026-08-01T00:30:07.461088+00:00
all,CAPTAINDROGAN,Captain Drogan,5389,2409,2869,1256,14694,5217,137561,22060,9950,1059,2026-08-01T05:07:31.164629+00:00
all,CAPTAINENOCH,Captain Enoch,3999,2211,4611,1725,38075,12829,90223,2841,10556,23,2026-08-01T03:37:43.253596+00:00
all,HOTHHAN,Captain Han Solo,1609,868,30317,9521,163913,43038,17029,2474,350,3,2026-07-31T16:00:28.963652+00:00
all,ITHANO,Captain Ithano,1932,2067,21442,6986,19977,5112,15742,3056,2213,44,2026-08-01T02:08:03.163309+00:00
all,PHASMA,Captain Phasma,1235,1274,12036,880,230509,11133,20905,588,97,7,2026-07-31T20:01:01.950476+00:00
all,CAPTAINREX,Captain Rex,28427,21596,24504,11131,24519,8439,170628,9705,1331,143,2026-08-01T05:08:06.225880+00:00
all,CAPTAINSILVO,Captain Silvo,1234,1851,1541,1880,1886,351,38957,7948,8450,109,2026-08-01T02:07:12.150837+00:00
all,CAPTAINTARPALS,Captain Tarpals,15982,1734,5027,639,72461,35415,33050,9985,1673,149,2026-08-01T04:08:14.520621+00:00
all,CARADUNE,Cara Dune,40930,14861,13319,3899,99299,6339,12327,632,171,17,2026-07-31T09:30:28.809377+00:00
all,CARTHONASI,Carth Onasi,5180,4776,22877,3738,105158,6905,15933,320,66,4,2026-07-31T11:00:51.950052+00:00
all,CASSIANANDOR,Cassian Andor,3672,1917,1744,807,15137,2241,10013,115304,1810,13,2026-07-31T17:30:08.557755+00:00
all,CASSIANUNDERCOVER,Cassian Andor (Undercover),14317,40720,2416,17423,2286,1302,779,342,723,1226,2026-08-01T00:30:34.560600+00:00
all,APPO,"CC-1119 ""Appo""",1410,1560,2553,1937,69392,13906,35485,9368,15749,349,2026-08-01T02:37:46.669720+00:00
all,CC2224,"CC-2224 ""Cody""",1414,1568,1868,1212,174455,5501,3327,298,61,9,2026-07-31T18:01:30.955629+00:00
all,CEREJUNDA,Cere Junda,13727,5443,12893,3622,29008,9864,72750,11142,1573,55,2026-08-01T05:37:30.329893+00:00
all,CHEWBACCALEGENDARY,Chewbacca,13792,6466,22143,10390,23496,151074,43070,8138,1824,48,2026-07-31T11:30:30.335286+00:00
all,CHIEFCHIRPA,Chief Chirpa,3372,4188,143594,8848,26602,4029,32945,1150,51,8,2026-07-31T18:30:55.774195+00:00
all,CHIEFNEBIT,Chief Nebit,3867,2525,43358,2467,11995,8134,16965,2223,394,32,2026-07-31T18:01:55.792605+00:00
all,CHIRRUTIMWE,Chirrut Îmwe,2571,1870,2815,1034,75150,11614,14302,495,827,5,2026-07-31T17:30:27.423368+00:00
all,CHOPPERS3,Chopper,65995,28974,122838,12324,36520,8897,3173,2312,596,11,2026-07-31T17:01:12.124001+00:00
all,CINTA,Cinta Kaz,15034,33116,4461,10691,5637,10698,5272,861,1238,71,2026-08-01T01:01:05.077280+00:00
all,CLONESERGEANTPHASEI,Clone Sergeant - Phase I,937,850,21118,1195,166404,5625,11259,238,156,5,2026-07-31T23:00:41.088997+00:00
all,CLONEWARSCHEWBACCA,Clone Wars Chewbacca,4126,1437,3054,777,6583,3073,1672,141,47922,404,2026-07-31T20:00:44.795143+00:00
all,COBBVANTH,Cobb Vanth,710,631,1022,1497,3143,4251,9990,4214,1495,300,2026-08-01T01:00:52.505769+00:00
all,COLONELSTARCK,Colonel Starck,1280,907,109863,6464,71674,6451,14199,922,432,3,2026-07-31T13:01:00.657700+00:00
all,BISHOP,Colonel Ward,1334,1800,698,4792,2064,398,634,235,424,1,2026-08-01T00:30:15.641178+00:00
all,COMMANDERAHSOKA,Commander Ahsoka Tano,1973,1876,4970,3070,24748,8626,24822,7887,97606,817,2026-07-31T08:01:19.263290+00:00
all,COMMANDERLUKESKYWALKER,Commander Luke Skywalker,13882,9696,23670,16770,45445,19106,185819,8036,3282,396,2026-07-31T16:00:46.875972+00:00
all,CORUSCANTUNDERWORLDPOLICE,Coruscant Underworld Police,547,368,754,335,4699,5088,1666,1017,61037,8838,2026-07-31T20:30:28.907846+00:00
all,COUNTDOOKU,Count Dooku,14327,5378,10116,4499,18385,49465,26236,151639,1015,60,2026-07-31T21:00:08.660821+00:00
all,CROSSHAIRS3,Crosshair (Scarred),17167,3741,14851,3349,33259,10148,7936,2027,840,46,2026-08-01T02:37:48.552005+00:00
all,CT210408,"CT-21-0408 ""Echo""",3424,4419,9836,5116,24447,4798,148419,16183,173,11,2026-07-31T18:30:08.765531+00:00
all,CT5555,"CT-5555 ""Fives""",7801,8114,29315,12070,58655,13706,84201,18149,1620,102,2026-07-31T23:00:56.004491+00:00
all,CT7567,"CT-7567 ""Rex""",5610,6805,15061,8754,40280,9120,125450,16166,915,58,2026-07-31T19:01:05.897813+00:00
all,OPERATIVE,CX-2,989,1028,1813,1279,59257,18307,39166,9469,14348,169,2026-08-01T02:37:35.254467+00:00
all,DARKTROOPER,Dark Trooper,46094,11618,21655,5982,53710,6199,39178,3817,267,26,2026-07-31T08:31:32.048195+00:00
all,MOFFGIDEONS3,Dark Trooper Moff Gideon,5287,4586,9033,5916,20060,12441,17654,9003,2854,92,2026-08-01T05:07:09.277961+00:00
all,DARTHBANE,Darth Bane,1767,1664,3310,2941,13788,12467,47131,34605,25813,6123,2026-08-01T04:37:24.671217+00:00
all,DARTHJARJAR,Darth Jar Jar,0,0,0,0,0,0,0,0,0,0,2026-08-01T00:00:13.099230+00:00
all,DARTHMALAK,Darth Malak,3508,4313,12592,9925,33500,10968,27948,5264,103080,461,2026-07-31T10:31:06.728499+00:00
all,DARTHMALGUS,Darth Malgus,2176,2215,5641,4033,35347,11351,53971,18028,13920,876,2026-08-01T07:07:27.812217+00:00
all,MAUL,Darth Maul,2002,2362,2910,58638,27136,6763,125859,6000,835,53,2026-07-31T20:31:00.810257+00:00
all,DARTHNIHILUS,Darth Nihilus,8771,9069,27730,12926,100368,19643,18776,1925,541,69,2026-07-31T17:01:12.083660+00:00
all,DARTHREVAN,Darth Revan,4201,6281,17814,14332,46324,15911,34756,6949,79131,26909,2026-07-31T10:31:29.424694+00:00
all,DARTHSIDIOUS,Darth Sidious,1338,1489,2169,1253,8356,2818,193754,4744,1309,34,2026-07-31T20:30:28.996404+00:00
all,DARTHSION,Darth Sion,13246,8132,26358,10420,95282,14879,12170,1019,355,24,2026-07-31T13:00:09.939133+00:00
all,DARTHTALON,Darth Talon,1211,1201,2681,1117,194007,30957,14723,964,229,14,2026-08-01T07:37:45.249132+00:00
all,DARTHTRAYA,Darth Traya,8817,8911,25862,12941,91089,10748,23194,2185,840,70,2026-07-31T13:00:09.940021+00:00
all,VADER,Darth Vader,9001,7501,12576,9145,50600,28553,247143,27451,11352,4771,2026-07-31T23:30:45.246232+00:00
all,VADERDUELSEND,Darth Vader (Duel's End),5108,9314,5486,11602,11575,18617,15909,4841,2891,404,2026-08-01T01:01:29.119008+00:00
all,DASHRENDAR,Dash Rendar,1386,709,1366,530,103292,10013,121613,4815,1048,40,2026-07-31T08:00:10.577016+00:00
all,DATHCHA,Dathcha,2968,2365,47119,2052,8562,3205,14673,1761,39,5,2026-07-31T22:00:10.103708+00:00
all,DEATHTROOPER,Death Trooper,6939,4636,11195,3365,43468,9683,35803,2255,132,12,2026-07-31T17:01:46.859123+00:00
all,DEATHTROOPERPERIDEA,Death Trooper (Peridea),2578,1658,4049,1725,38352,12063,91356,2835,10577,21,2026-08-01T03:37:54.010031+00:00
all,DEDRAMEERO,Dedra Meero,16741,35292,7200,14933,7157,9621,3972,545,875,21,2026-08-01T01:00:54.735240+00:00
all,DENGAR,Dengar,23956,11212,6322,2962,169821,11122,19882,5171,1734,78,2026-07-31T18:30:08.790761+00:00
all,DEPABILLABA,Depa Billaba,583,652,746,542,66481,19129,23236,5090,13911,56,2026-08-01T02:08:16.975004+00:00
all,DIRECTORKRENNIC,Director Krennic,2166,1230,873,129380,55059,4849,16790,2110,164,16,2026-07-31T17:01:47.356358+00:00
all,DISGUISEDCLONETROOPER,Disguised Clone Trooper,886,987,1730,1129,68603,15853,34755,8329,13887,162,2026-08-01T02:37:33.435788+00:00
all,DOCTORAPHRA,Doctor Aphra,2301,2158,4390,2751,32773,5516,30597,6977,1159,202,2026-08-01T06:07:28.978329+00:00
all,DROIDEKA,Droideka,23716,13604,68648,35004,90940,17547,17433,711,101,12,2026-07-31T11:00:10.328408+00:00
all,BADBATCHECHO,Echo,10455,1732,4064,960,140518,20141,6299,2504,1091,7,2026-07-31T08:30:43.537303+00:00
all,EETHKOTH,Eeth Koth,2121,1418,1986,654,64993,1660,966,1256,972,4,2026-07-31T23:31:00.790994+00:00
all,EIGHTHBROTHER,Eighth Brother,30387,25878,14714,7015,103005,26330,103558,8093,2361,15,2026-08-01T07:07:47.993285+00:00
all,EMBO,Embo,3823,2323,3268,1607,101288,13944,46772,18480,1104,39,2026-07-31T12:00:09.849849+00:00
all,EMPERORPALPATINE,Emperor Palpatine,25349,16770,16750,10646,21244,7082,255473,8027,2451,197,2026-07-31T18:01:30.879591+00:00
all,ENFYSNEST,Enfys Nest,5393,4544,14163,6142,70743,12721,11285,1604,459,30,2026-07-31T12:30:29.527180+00:00
all,EWOKELDER,Ewok Elder,5041,5947,44444,5870,17512,3552,33571,507,47,7,2026-07-31T19:02:10.014712+00:00
all,EWOKSCOUT,Ewok Scout,2165,2052,2977,1657,7285,2410,3892,112,22453,17,2026-07-31T20:30:09.597949+00:00
all,EZRABRIDGERS3,Ezra Bridger,49741,53532,96322,25145,77693,72088,9180,2476,288,54,2026-07-31T16:31:06.785386+00:00
all,EZRAEXILE,Ezra Bridger (Exile),13948,2005,3333,3463,11321,4896,32598,14150,12703,4108,2026-08-01T03:37:38.971369+00:00
all,FENNECSHAND,Fennec Shand,22797,7095,3932,1495,17377,2183,153229,2480,324,8,2026-07-31T08:00:32.327022+00:00
all,FIFTHBROTHER,Fifth Brother,44443,70579,34760,16612,98865,24873,114354,10652,2732,36,2026-08-01T07:07:44.529087+00:00
all,FINN,Finn,2239,1460,17713,1050,170943,11309,24600,2391,250,8,2026-07-31T20:00:59.909919+00:00
all,FIRSTORDEREXECUTIONER,First Order Executioner,542,461,679,360,232762,17498,3286,244,744,4,2026-07-31T13:00:45.438805+00:00
all,FIRSTORDEROFFICERMALE,First Order Officer,441,282,339,171,215675,26911,9542,1052,617,6,2026-07-31T22:30:41.509173+00:00
all,FIRSTORDERSPECIALFORCESPILOT,First Order SF TIE Pilot,361,250,79358,5045,147251,14371,5398,425,866,5,2026-07-31T13:30:28.764064+00:00
all,FIRSTORDERTROOPER,First Order Stormtrooper,1082,556,17895,587,222007,14939,22919,2741,433,13,2026-07-31T22:00:45.858577+00:00
all,FIRSTORDERTIEPILOT,First Order TIE Pilot,551,411,88419,6738,140542,8774,14481,1637,498,4,2026-07-31T23:30:44.001306+00:00
all,GAMORREANGUARD,Gamorrean Guard,3121,478,92005,3832,76416,2986,1776,2351,307,14,2026-07-31T18:30:25.807917+00:00
all,GARSAXON,Gar Saxon,10666,3874,10318,2081,47934,5155,5173,10283,95,5,2026-07-31T16:30:27.581360+00:00
all,ZEBS3,"Garazeb ""Zeb"" Orrelios",9478,5123,104226,6193,35490,5798,3272,850,84,4,2026-07-31T16:30:49.276210+00:00
all,GRIEVOUS,General Grievous,31681,12447,24195,8686,27082,9530,182608,5932,1323,201,2026-07-31T19:01:05.824386+00:00
all,GENERALHUX,General Hux,1415,1430,12017,1095,168224,39243,43012,6219,1264,85,2026-07-31T10:00:36.515750+00:00
all,GENERALKENOBI,General Kenobi,2316,3777,18396,15493,35869,13823,21426,113272,69059,918,2026-07-31T17:30:56.813474+00:00
all,GENERALSKYWALKER,General Skywalker,1904,2110,4809,5088,15802,6029,17170,95084,72821,1724,2026-07-31T10:30:08.821694+00:00
all,GENERALSYNDULLA,General Syndulla,29205,1825,9808,702,66486,12456,29478,7223,3258,148,2026-08-01T03:07:43.283030+00:00
all,VEERS,General Veers,1542,1073,109244,8390,67944,9737,12130,3196,58,3,2026-07-31T21:30:40.756865+00:00
all,GEONOSIANBROODALPHA,Geonosian Brood Alpha,30792,14022,75448,28492,69833,17031,18187,2158,808,152,2026-07-31T10:30:31.933552+00:00
all,GEONOSIANSOLDIER,Geonosian Soldier,20445,12620,77016,15584,39600,8080,8857,687,558,9,2026-07-31T20:00:26.600490+00:00
all,GEONOSIANSPY,Geonosian Spy,25526,12784,78145,19431,45247,8592,12185,1111,293,21,2026-07-31T18:02:13.858523+00:00
all,GRANDADMIRALTHRAWN,Grand Admiral Thrawn,4366,4762,7879,5157,9451,82705,126365,2223,520,61,2026-07-31T16:01:01.056888+00:00
all,GRANDINQUISITOR,Grand Inquisitor,1229,1622,3546,3324,20711,6736,103851,18903,8817,311,2026-08-01T07:07:08.946931+00:00
all,GRANDMASTERYODA,Grand Master Yoda,27124,17664,22099,13151,30280,10025,13063,169512,5113,422,2026-07-31T22:00:29.004365+00:00
all,GRANDMOFFTARKIN,Grand Moff Tarkin,3144,3823,34851,8825,36967,7924,119858,21574,32319,1147,2026-07-31T21:30:56.620163+00:00
all,GREATMOTHERS,Great Mothers,3646,1979,5219,2347,32364,15516,114719,5042,1270,183,2026-08-01T03:37:29.250138+00:00
all,GREEDO,Greedo,2049,1868,2897,1578,18700,155331,5360,935,95,9,2026-07-31T23:30:08.636769+00:00
all,GREEFKARGA,Greef Karga,36260,15840,16484,6187,90202,8358,25840,503,90,8,2026-07-31T09:30:29.145323+00:00
all,GOPHERANTS,Grogu & Anzellans,1686,2420,911,5242,2532,507,742,311,439,2,2026-08-01T00:00:27.006241+00:00
all,BOOMADIER,Gungan Boomadier,13623,1522,4447,641,73803,35263,32553,9687,1465,53,2026-08-01T04:07:57.356833+00:00
all,GUNGANPHALANX,Gungan Phalanx,22180,1953,6874,765,70218,34553,35807,10528,1843,59,2026-08-01T04:07:46.214099+00:00
all,HANSOLO,Han Solo,3399,3426,9648,5042,10385,40068,12074,161407,1838,94,2026-07-31T19:30:49.045889+00:00
all,HERASYNDULLAS3,Hera Syndulla,49223,52555,82442,19128,121289,15610,26517,4580,254,64,2026-07-31T17:00:49.801561+00:00
all,HERMITYODA,Hermit Yoda,7359,3644,27369,5026,161065,29024,29676,9067,930,22,2026-07-31T16:00:29.240173+00:00
all,HK47,HK-47,14770,10362,45336,13154,35355,5894,106505,2542,396,12,2026-07-31T23:00:09.064229+00:00
all,HONDO,Hondo Ohnaka,2547,1594,4711,1998,44490,31104,24596,7745,63390,354,2026-08-01T06:37:32.374111+00:00
all,HOTHREBELSCOUT,Hoth Rebel Scout,3917,1590,7437,1172,15232,3143,6035,222,132,2,2026-07-31T22:30:09.452599+00:00
all,HOTHREBELSOLDIER,Hoth Rebel Soldier,4435,1290,2229,465,10080,3531,1958,1582,529,2,2026-07-31T20:00:09.349077+00:00
all,BADBATCHHUNTER,Hunter,14393,2565,6270,1405,148923,16725,7061,721,874,23,2026-07-31T08:31:11.984972+00:00
all,HUNTERS3,Hunter (Mercenary),18420,4132,15445,3227,31872,12767,8366,1723,769,8,2026-08-01T03:07:09.630580+00:00
all,HUYANG,Huyang,40909,4690,19135,2020,10962,3656,76388,8325,3681,165,2026-08-01T03:08:02.150419+00:00
all,IDENVERSIOEMPIRE,Iden Versio,15235,8370,18045,4803,60518,8488,11753,5472,1176,107,2026-08-01T07:37:26.023588+00:00
all,MAGNAGUARD,IG-100 MagnaGuard,11135,6250,28695,11342,187815,9481,16691,1387,892,9,2026-07-31T19:01:52.505344+00:00
all,IG11,IG-11,54239,25667,20198,6466,98811,3475,6673,370,46,1,2026-07-31T09:00:12.039212+00:00
all,IG12,IG-12 & Grogu,5120,2054,2700,919,24675,7585,129062,14018,5645,97,2026-08-01T04:37:39.901322+00:00
all,IG86SENTINELDROID,IG-86 Sentinel Droid,24024,2145,15436,743,11095,2185,487,94,82,2,2026-07-31T22:30:45.424118+00:00
all,IG88,IG-88,39179,30246,15953,7032,170775,9844,10897,3537,2101,5,2026-07-31T22:00:27.829016+00:00
all,IG90,IG-90,3800,6319,3846,5348,6225,23427,14042,1349,1652,29,2026-08-01T01:37:23.749894+00:00
all,IMAGUNDI,Ima-Gun Di,3011,1707,3005,836,40221,4089,670,130,562,3,2026-07-31T22:00:43.870314+00:00
all,IMPERIALPROBEDROID,Imperial Probe Droid,4103,3731,5169,4159,38373,7477,14649,414,376,9,2026-07-31T13:30:09.170234+00:00
all,IMPERIALSUPERCOMMANDO,Imperial Super Commando,5230,2706,7417,1708,50322,6040,2688,10285,207,5,2026-07-31T16:30:08.725332+00:00
all,INQUISITORBARRISS,Inquisitor Barriss,4793,8877,4495,7621,5960,20352,10747,2585,1367,29,2026-08-01T01:01:41.021686+00:00
all,JABBATHEHUTT,Jabba the Hutt,84,83,798,650,2947,2180,58391,47320,30061,5758,2026-08-01T06:39:13.568435+00:00
all,JANGOFETT,Jango Fett,21047,10054,13823,6198,40242,7149,169036,12143,924,61,2026-07-31T11:30:37.400684+00:00
all,JARJARBINKS,Jar Jar Binks,1165,1422,4337,3056,39598,19115,27036,6741,2752,89,2026-08-01T04:07:43.605001+00:00
all,JAWA,Jawa,824,623,134135,3662,14406,6382,15185,149,90,5,2026-07-31T21:30:09.007327+00:00
all,JAWAENGINEER,Jawa Engineer,2812,2201,44130,1882,16421,3802,15178,188,96,6,2026-07-31T18:30:40.003790+00:00
all,JAWASCAVENGER,Jawa Scavenger,2504,1965,44101,2181,10829,7353,16886,533,171,13,2026-07-31T18:01:55.791017+00:00
all,JAXXON,Jaxxon,0,0,0,0,0,0,0,0,0,0,2026-08-01T00:00:06.733787+00:00
all,JEDIKNIGHTCONSULAR,Jedi Consular,5812,3507,5834,1814,22276,4614,3204,1951,225,5,2026-07-31T21:00:08.629770+00:00
all,ANAKINKNIGHT,Jedi Knight Anakin,24010,19456,32302,13254,33570,13452,200127,9062,1452,265,2026-07-31T21:00:43.350389+00:00
all,JEDIKNIGHTCAL,Jedi Knight Cal Kestis,3616,3541,7661,4795,21782,6486,61100,23266,6979,379,2026-08-01T05:08:04.538256+00:00
all,JEDIKNIGHTGUARDIAN,Jedi Knight Guardian,9375,2244,7927,910,10353,2104,3318,208,31,3,2026-07-31T21:00:27.107651+00:00
all,JEDIKNIGHTLUKE,Jedi Knight Luke Skywalker,1053,1185,2361,1806,4138,1707,161633,31010,9799,411,2026-07-31T09:01:40.398414+00:00
all,JEDIKNIGHTREVAN,Jedi Knight Revan,3945,6899,26150,22940,87287,31989,71867,15612,5710,724,2026-07-31T11:30:16.182449+00:00
all,JEDIMASTERKENOBI,Jedi Master Kenobi,81,166,491,607,2314,1822,50475,55511,36153,13754,2026-07-31T08:01:13.598643+00:00
all,GRANDMASTERLUKE,Jedi Master Luke Skywalker,123,219,780,854,3590,2604,63695,48638,46720,13207,2026-07-31T09:00:59.100622+00:00
all,JEDIMASTERMACEWINDU,Jedi Master Mace Windu,527,547,1655,1530,13937,3847,26256,7294,17302,317,2026-08-01T02:37:07.089931+00:00
all,JOCASTANU,Jocasta Nu,1432,1285,3725,2213,17881,3604,23340,10566,7413,41,2026-08-01T03:07:09.656525+00:00
all,JOLEEBINDO,Jolee Bindo,9419,11271,54452,20425,72530,31718,24347,4272,1485,37,2026-07-31T12:00:50.019414+00:00
all,JUHANI,Juhani,9645,6840,51620,8132,48383,19001,15432,1787,615,16,2026-07-31T11:00:36.687742+00:00
all,JYNERSO,Jyn Erso,4332,2886,2683,1430,93174,15602,36759,2456,1573,26,2026-07-31T17:30:08.608418+00:00
all,K2SO,K-2SO,24363,6140,18678,4438,55100,5603,17056,437,1567,15,2026-07-31T17:30:25.794734+00:00
all,KANANJARRUSS3,Kanan Jarrus,14514,8599,98716,10864,46122,15857,5619,2933,314,15,2026-07-31T17:00:49.807023+00:00
all,KELLERANBEQ,Kelleran Beq,26944,17765,19092,9452,25598,10293,101985,44176,15176,643,2026-08-01T04:37:37.762850+00:00
all,KIADIMUNDI,Ki-Adi-Mundi,3172,2646,6008,2328,70218,6545,18714,6862,614,8,2026-07-31T10:01:01.429772+00:00
all,KITFISTO,Kit Fisto,2950,2297,5463,1500,90109,5195,6523,1538,241,10,2026-07-31T23:00:55.599701+00:00
all,KIX,Kix,1885,2050,2756,2448,3525,37573,17058,2456,1675,12,2026-08-01T02:07:43.454700+00:00
all,KLEYA,Kleya Marki,15735,33653,4967,11001,5988,12368,7036,1233,1304,124,2026-08-01T01:01:22.794997+00:00
all,KRRSANTAN,Krrsantan,12071,3146,4533,1106,98216,23215,40392,17827,8920,449,2026-08-01T06:41:11.555219+00:00
all,KUIIL,Kuiil,33227,9958,7577,1900,94438,8048,5918,258,38,4,2026-07-31T09:00:40.052007+00:00
all,KXSECURITYDROID,KX Security Droid,16153,34126,7019,18000,7998,7260,3013,675,913,102,2026-08-01T00:30:28.789108+00:00
all,KYLEKATARN,Kyle Katarn,5433,2620,2229,945,179518,25710,20619,3921,530,46,2026-08-01T07:37:58.479656+00:00
all,KYLOREN,Kylo Ren,2909,2298,28020,3586,34245,5062,225810,4132,1328,29,2026-07-31T22:00:10.152454+00:00
all,KYLORENUNMASKED,Kylo Ren (Unmasked),4327,3670,16469,4059,34978,6884,218414,14837,4593,390,2026-07-31T13:30:28.123063+00:00
all,L3_37,L3-37,15090,3280,9490,1882,89608,10302,18321,3102,420,8,2026-07-31T12:30:09.532234+00:00
all,ADMINISTRATORLANDO,Lando Calrissian,514,340,37822,4973,192375,13306,36670,327,494,4,2026-07-31T19:01:31.938159+00:00
all,LEIAJEDITRAINING,Leia (Jedi Training),0,0,0,0,0,0,0,0,0,0,2026-08-01T00:30:03.375472+00:00
all,GLLEIA,Leia Organa,126,121,674,674,2279,1792,35879,33272,41429,38754,2026-08-01T05:07:09.269402+00:00
all,LOBOT,Lobot,640,224,108049,2406,25984,8615,32737,626,660,12,2026-07-31T20:31:00.624564+00:00
all,LOGRAY,Logray,5136,4789,41833,3652,13867,3220,36621,3132,103,6,2026-07-31T23:00:09.069510+00:00
all,LORDVADER,Lord Vader,146,170,338,464,2152,1578,37796,34975,32802,22929,2026-07-31T08:00:33.919047+00:00
all,LUKESKYWALKER,Luke Skywalker (Farmboy),38276,11182,107524,3221,23747,3670,3760,400,113,25,2026-07-31T19:30:11.237554+00:00
all,LUMINARAUNDULI,Luminara Unduli,4698,3724,8876,2780,85533,5967,10286,1838,306,10,2026-07-31T22:30:09.446051+00:00
all,LUTHENRAEL,Luthen Rael,4604,3959,8638,5668,26580,5458,19390,2118,951,206,2026-08-01T04:07:10.102469+00:00
all,MACEWINDU,Mace Windu,32548,29417,103400,25078,102617,23859,27216,5837,2933,366,2026-07-31T20:30:09.571024+00:00
all,MAGMATROOPER,Magmatrooper,3627,1973,4202,1013,38402,6908,5833,223,419,4,2026-07-31T19:31:05.604089+00:00
all,MAJORPARTAGAZ,Major Partagaz,16843,36015,6813,15084,7925,7661,3121,442,837,18,2026-08-01T00:30:43.822706+00:00
all,MARAJADESKYWALKER,Mara Jade Skywalker,0,0,0,0,0,0,0,0,0,0,2026-08-01T00:00:22.211738+00:00
all,MARAJADE,"Mara Jade, The Emperor's Hand",27661,10723,10690,4369,185005,28386,31600,4319,544,46,2026-08-01T07:37:41.112577+00:00
all,MARROK,Marrok,10821,2377,4848,1451,23739,11274,113855,11520,2620,74,2026-08-01T03:37:13.388496+00:00
all,MASTERQUIGON,Master Qui-Gon,8524,5094,8527,2609,63733,17555,53142,3784,35854,190,2026-08-01T04:07:27.897789+00:00
all,MAULS7,Maul,5175,4863,10563,5740,39346,11096,41458,19823,4656,192,2026-07-31T08:00:51.317392+00:00
all,MAULHATEFUELED,Maul (Hate-Fueled),3002,25932,1865,6279,1520,1893,5652,3561,6255,5004,2026-08-01T01:01:50.107182+00:00
all,MAZKANATA,Maz Kanata,914,784,2634,1666,11790,3105,17270,4019,2079,43,2026-08-01T02:07:45.035619+00:00
all,MERRIN,Merrin,46036,5399,11342,6789,35329,8861,26093,3225,254,21,2026-08-01T05:37:27.843785+00:00
all,MISSIONVAO,Mission Vao,5786,6211,48576,7992,31208,25118,6297,972,174,11,2026-07-31T12:00:28.839184+00:00
all,HUMANTHUG,Mob Enforcer,312,150,91873,3306,75439,2096,1088,233,32,1,2026-07-31T19:01:30.665444+00:00
all,MOFFGIDEONS1,Moff Gideon,11446,7027,14734,5089,54032,10038,37680,4225,665,7,2026-07-31T09:00:12.040973+00:00
all,MONMOTHMA,Mon Mothma,3041,1481,1483,553,170650,11490,30833,771,649,14,2026-07-31T09:01:19.113128+00:00
all,MORGANELSBETH,Morgan Elsbeth,7612,1934,6836,2254,30694,13238,107864,8943,2090,176,2026-08-01T03:37:59.675675+00:00
all,MOTHERTALZIN,Mother Talzin,6413,6366,67490,11151,39383,8795,13942,1582,342,61,2026-07-31T14:00:15.917663+00:00
all,NIGHTTROOPER,Night Trooper,2602,1802,4091,1841,38359,12204,92398,2867,10650,11,2026-08-01T04:07:10.117707+00:00
all,NIGHTSISTERACOLYTE,Nightsister Acolyte,3135,1711,70035,1954,10509,2241,3785,1942,160,2,2026-07-31T21:00:41.942227+00:00
all,NIGHTSISTERINITIATE,Nightsister Initiate,2525,1093,66962,1099,10607,2013,747,3132,796,2,2026-07-31T21:30:26.315694+00:00
all,NIGHTSISTERSPIRIT,Nightsister Spirit,2733,2102,53129,5193,37985,12567,16144,5295,976,196,2026-07-31T13:30:50.015086+00:00
all,NIGHTSISTERZOMBIE,Nightsister Zombie,6502,4886,66785,7391,42476,5684,7882,2160,589,7,2026-07-31T13:30:48.344690+00:00
all,NINTHSISTER,Ninth Sister,25213,18937,12727,6694,97766,25205,116038,8670,1913,72,2026-08-01T07:37:06.853855+00:00
all,NUTEGUNRAY,Nute Gunray,21232,4242,10284,2337,16491,1774,138751,15431,245,5,2026-07-31T23:00:24.901966+00:00
all,OLDBENKENOBI,Obi-Wan Kenobi (Old Ben),28363,22350,43426,7266,184161,13214,25461,2189,672,77,2026-07-31T22:01:03.517357+00:00
all,DAKA,Old Daka,5626,5870,60879,9746,47964,8474,14592,2242,1693,15,2026-07-31T19:30:31.093055+00:00
all,BADBATCHOMEGA,Omega,18035,4959,14525,2948,64898,18378,3054,422,599,6,2026-07-31T08:00:57.079412+00:00
all,OMEGAS3,Omega (Fugitive),18399,4250,16380,4023,32160,9927,8746,1892,849,32,2026-08-01T03:07:28.402590+00:00
all,PADAWANOBIWAN,Padawan Obi-Wan,8250,5741,9551,3175,66118,18878,53125,4956,36356,356,2026-08-01T04:07:29.330328+00:00
all,PADAWANSABINE,Padawan Sabine Wren,43259,7590,20868,3033,22624,5981,75357,9310,5177,251,2026-08-01T03:08:13.651926+00:00
all,PADMEAMIDALA,Padmé Amidala,3358,5141,19237,14530,40223,12480,15369,146700,3428,143,2026-07-31T10:30:53.254611+00:00
all,PAO,Pao,4690,2455,7016,1555,53922,8302,9652,352,601,3,2026-07-31T16:30:48.534429+00:00
all,PAPLOO,Paploo,7130,5610,45838,4968,17154,3447,31516,411,61,9,2026-07-31T23:00:40.781037+00:00
all,PAZVIZSLA,Paz Vizsla,12588,3527,5323,1668,18468,5661,121674,17368,9948,537,2026-08-01T04:37:54.649032+00:00
all,GLHONDO,Pirate King Hondo Ohnaka,5,10,39,61,205,183,4141,2896,28103,15604,2026-08-01T02:07:12.133471+00:00
all,PLOKOON,Plo Koon,4935,3439,25835,3386,45456,4108,7757,87748,1894,9,2026-07-31T19:01:50.109124+00:00
all,POE,Poe Dameron,1048,405,21836,387,174719,9080,15993,304,129,3,2026-07-31T23:00:25.515447+00:00
all,POGGLETHELESSER,Poggle the Lesser,28730,12034,77987,13368,38212,8108,8257,2811,152,15,2026-07-31T20:30:45.170833+00:00
all,PRINCESSKNEESAA,Princess Kneesaa,1184,869,2577,871,27364,7501,170918,3027,80,26,2026-08-01T05:07:48.143012+00:00
all,PRINCESSLEIA,Princess Leia,25294,14001,162328,13782,59421,9855,11206,755,115,23,2026-07-31T21:30:09.023578+00:00
all,QIRA,Qi'ra,2605,1543,3883,1032,57566,10014,5185,3106,80,6,2026-07-31T12:30:32.223066+00:00
all,QUEENAMIDALA,Queen Amidala,3099,2825,6941,4828,35009,8497,43881,11113,12085,600,2026-08-01T04:08:02.489401+00:00
all,QUIGONJINN,Qui-Gon Jinn,2707,2503,80674,9723,100057,8676,12600,1688,378,17,2026-07-31T19:31:03.001498+00:00
all,QUIGGOLD,Quiggold,1342,1452,1982,1901,37619,3984,14162,3153,2794,121,2026-08-01T02:08:00.417982+00:00
all,R2D2_LEGENDARY,R2-D2,27649,15421,9828,5514,7642,2177,38531,161278,9241,344,2026-07-31T16:30:08.729114+00:00
all,R5D4,R5-D4,1590,2457,797,5507,2000,355,510,322,1797,2,2026-08-01T00:30:24.833956+00:00
all,RANGETROOPER,Range Trooper,5893,3847,15203,3135,49139,3417,32870,2425,99,2,2026-07-31T12:01:05.612981+00:00
all,SCORCH,"RC-1262 ""Scorch""",926,1125,2195,1679,57694,16512,32834,9004,33455,557,2026-08-01T02:37:21.325705+00:00
all,HOTHLEIA,Rebel Officer Leia Organa,842,764,20498,11285,156771,32865,20688,8721,1066,15,2026-07-31T16:00:45.591108+00:00
all,EPIXFINN,Resistance Hero Finn,453,302,628,192,142806,23254,23674,1227,960,6,2026-07-31T10:00:13.082878+00:00
all,EPIXPOE,Resistance Hero Poe,364,242,484,140,148820,20567,20561,846,133,4,2026-07-31T10:00:13.123321+00:00
all,RESISTANCEPILOT,Resistance Pilot,270,139,57486,2610,115192,8174,14774,137,126,1,2026-07-31T19:30:31.282676+00:00
all,RESISTANCETROOPER,Resistance Trooper,439,259,284,165,166146,14927,6503,236,530,2,2026-07-31T21:30:41.557922+00:00
all,GLREY,Rey,68,96,279,398,1859,1858,56447,43622,25717,23597,2026-07-31T09:30:57.457400+00:00
all,DARKREY,Rey (Dark Side Vision),960,991,2657,2363,16783,7302,51817,20014,6688,356,2026-08-01T03:07:56.791718+00:00
all,REYJEDITRAINING,Rey (Jedi Training),2049,2456,9853,2923,4358,1627,201512,6862,1278,106,2026-07-31T13:00:58.852921+00:00
all,REY,Rey (Scavenger),3624,1988,23225,1780,36001,5210,110674,60843,462,12,2026-07-31T21:00:57.489512+00:00
all,ROSETICO,Rose Tico,368,222,305,114,159622,16124,13094,306,552,7,2026-07-31T13:00:44.299587+00:00
all,RACCOON,Rotta the Hutt,2163,8945,1228,15369,4491,290,310,806,516,1445,2026-08-01T00:30:05.673391+00:00
all,ROYALGUARD,Royal Guard,2909,1772,92047,10300,74075,12155,27143,3546,1390,28,2026-07-31T19:02:08.263731+00:00
all,SABINEWRENS3,Sabine Wren,58930,41474,117080,17494,50826,10355,4925,2682,190,28,2026-07-31T16:31:08.339003+00:00
all,SANASTARROS,Sana Starros,1157,688,1961,536,85688,32050,14881,2549,312,3,2026-08-01T06:07:55.718819+00:00
all,SATELESHAN,Satele Shan,828,647,1179,1738,5534,4527,18377,8694,10306,3100,2026-08-01T01:01:58.644208+00:00
all,SAVAGEOPRESS,Savage Opress,6751,6696,22806,9343,68212,17175,17531,3459,411,26,2026-07-31T21:30:56.294111+00:00
all,SAWGERRERA,Saw Gerrera,15026,7022,10770,3131,29489,11707,26801,1095,182,10,2026-08-01T05:37:11.948245+00:00
all,SCARIFREBEL,Scarif Rebel Pathfinder,11111,2923,8268,1979,48535,3282,8614,2641,566,2,2026-07-31T18:01:10.903345+00:00
all,SCOUTTROOPER_V3,Scout Trooper,5079,2187,2671,1236,12812,3776,165769,6588,339,7,2026-08-01T05:07:31.118046+00:00
all,SECONDSISTER,Second Sister,24084,14869,8270,3593,154397,32258,52910,5460,467,27,2026-08-01T07:37:14.962716+00:00
all,SEVENTHSISTER,Seventh Sister,33596,34380,17361,8634,83088,27984,120788,15089,3104,49,2026-08-01T07:08:03.825470+00:00
all,SHAAKTI,Shaak Ti,24207,17634,36144,14973,29411,9109,173406,9447,2187,28,2026-07-31T10:30:39.996775+00:00
all,SHINHATI,Shin Hati,9655,1963,6789,1389,20803,11939,101600,9921,1475,120,2026-08-01T03:37:25.307142+00:00
all,SHORETROOPER,Shoretrooper,7069,3756,10917,2941,45702,3579,34201,1170,186,8,2026-07-31T18:01:10.829145+00:00
all,SITHASSASSIN,Sith Assassin,1783,1376,2330,988,89417,8577,12435,5206,6742,23,2026-07-31T17:01:29.950667+00:00
all,SITHTROOPER,Sith Empire Trooper,5691,3908,10255,4992,31520,5519,97353,4556,1812,62,2026-07-31T17:01:29.826273+00:00
all,SITHPALPATINE,Sith Eternal Emperor,418,430,1212,1424,4974,3546,85398,53573,25973,6709,2026-07-31T09:00:39.819511+00:00
all,SITHMARAUDER,Sith Marauder,992,1015,2439,1233,12798,3156,190659,6496,2432,194,2026-07-31T13:00:28.820969+00:00
all,FOSITHTROOPER,Sith Trooper,545,476,7006,605,119200,23841,108521,9104,2605,198,2026-07-31T10:00:35.917624+00:00
all,UNDERCOVERLANDO,Skiff Guard (Lando Calrissian),991,310,711,201,122362,18662,30678,8951,1736,25,2026-08-01T06:40:30.911728+00:00
all,SM33,SM-33,855,835,2109,1424,5603,1991,13981,6337,13274,298,2026-08-01T02:37:22.543717+00:00
all,SNOWTROOPER,Snowtrooper,3733,2397,6804,1700,39851,6688,5778,2708,464,5,2026-07-31T22:30:26.161351+00:00
all,REMNANTSNOWCOMMANDER,Snowtrooper Commander,1861,2735,861,5796,2578,526,750,357,389,14,2026-08-01T00:00:23.779164+00:00
all,STAP,STAP,60553,7167,40294,4485,32502,13129,4758,3290,147,5,2026-08-01T04:37:07.914816+00:00
all,STARKILLER,Starkiller,5008,5745,12992,8780,50234,12691,45377,23291,10405,1335,2026-08-01T07:37:30.498657+00:00
all,LUKESTARKILLER,Starkiller (Luke Concept),0,0,0,0,0,0,0,0,0,0,2026-08-01T00:00:15.142841+00:00
all,STORMTROOPER,Stormtrooper,8190,3648,11609,2887,49112,3764,7996,1403,231,9,2026-07-31T20:00:09.354007+00:00
all,STORMTROOPERCONCEPT,Stormtrooper (Concept),0,0,0,0,0,0,0,0,0,0,2026-08-01T00:00:13.106117+00:00
all,STORMTROOPERHAN,Stormtrooper Han,40904,10980,11330,3043,25775,29461,7978,604,221,18,2026-07-31T23:31:00.049689+00:00
all,STORMTROOPERLUKE,Stormtrooper Luke,5501,8991,6530,7390,6733,27655,9701,1220,1212,33,2026-08-01T01:37:23.732993+00:00
all,SUNFAC,Sun Fac,26560,12725,78795,15782,42017,9441,9539,876,233,11,2026-07-31T23:30:08.593628+00:00
all,SUPREMELEADERKYLOREN,Supreme Leader Kylo Ren,67,103,421,532,2665,2753,69117,69546,42366,21722,2026-07-31T09:31:16.203833+00:00
all,T3_M4,T3-M4,17122,6662,26485,4587,94934,12351,16110,346,593,4,2026-07-31T12:00:47.283221+00:00
all,TALIA,Talia,3504,2396,66639,2812,19212,4178,4882,230,920,1,2026-07-31T23:30:27.166299+00:00
all,TARFFUL,Tarfful,4564,2732,5489,1370,23045,12957,20232,2610,166,32,2026-08-01T05:37:11.955368+00:00
all,TARONMALICOS,Taron Malicos,4767,4051,8150,4938,24153,13832,34477,13640,3401,363,2026-08-01T05:07:50.005282+00:00
all,BADBATCHTECH,Tech,8911,1887,3762,950,150040,15887,3817,1689,1064,17,2026-07-31T08:31:12.008573+00:00
all,TEEBO,Teebo,4765,3316,41480,3549,9962,2915,33307,265,25,1,2026-07-31T22:30:56.963563+00:00
all,VANGUARDTEMPLEGUARD,Temple Guard,916,1016,1413,978,60601,20101,28721,5972,13509,43,2026-08-01T02:37:07.107381+00:00
all,ARMORER,The Armorer,12126,6574,17143,4475,43487,19223,8216,1040,1229,9,2026-07-31T08:31:52.118748+00:00
all,THEMANDALORIAN,The Mandalorian,54127,42214,33192,14603,105040,18641,13720,4002,1347,5543,2026-07-31T09:30:58.501287+00:00
all,THEMANDALORIANBESKARARMOR,The Mandalorian (Beskar Armor),22736,15057,15504,8757,25303,4843,116343,33674,9685,742,2026-07-31T08:31:55.350680+00:00
all,THERONIN,The Ronin,0,0,0,0,0,0,0,0,0,0,2026-08-01T07:22:01.686341+00:00
all,STRANGER,The Stranger,605,506,1043,1314,6188,3153,22972,13636,11634,2647,2026-08-01T01:37:49.182046+00:00
all,THIRDSISTER,Third Sister,700,707,1303,1248,8382,3753,46949,22061,12392,477,2026-08-01T06:07:53.754565+00:00
all,C3POCHEWBACCA,Threepio & Chewie,14872,5703,9049,3229,49568,6951,174700,3069,462,41,2026-07-31T09:01:23.081324+00:00
all,TIEFIGHTERPILOT,TIE Fighter Pilot,1969,1206,1406,589,184779,5298,3535,2350,96,8,2026-07-31T17:30:58.469585+00:00
all,TUSKENCHIEFTAIN,Tusken Chieftain,2251,1654,4858,1356,70441,6721,14480,1717,71,3,2026-08-01T06:07:08.913183+00:00
all,TUSKENRAIDER,Tusken Raider,1205,869,1009,464,116110,2600,40652,14292,104,3,2026-07-31T19:30:48.984786+00:00
all,TUSKENSHAMAN,Tusken Shaman,2506,1688,4982,1332,72259,3307,11754,314,883,1,2026-07-31T18:30:41.572064+00:00
all,TUSKENHUNTRESS,Tusken Warrior,1917,1480,4696,1312,70282,9292,13316,2509,112,2,2026-08-01T05:37:43.644521+00:00
all,UGNAUGHT,Ugnaught,701,363,608,176,14504,11591,2046,224,115,17874,2026-07-31T20:00:28.698410+00:00
all,URORRURRR,URoRRuR'R'R,717,464,571,82090,80473,2391,12032,349,78,1,2026-07-31T21:30:25.071383+00:00
all,YOUNGCHEWBACCA,Vandor Chewbacca,6512,1834,7227,1330,45857,8722,6031,483,808,20,2026-07-31T12:30:45.819752+00:00
all,VANE,Vane,1358,1995,1741,2007,2168,425,32274,5957,16425,1145,2026-08-01T02:07:27.803519+00:00
all,VEL,Vel Sartha,15160,32114,5435,11328,5440,12013,6191,1026,1321,175,2026-08-01T01:01:10.531480+00:00
all,SMUGGLERCHEWBACCA,Veteran Smuggler Chewbacca,1106,689,58483,2902,71097,15930,58917,1865,647,2,2026-07-31T16:00:09.764204+00:00
all,SMUGGLERHAN,Veteran Smuggler Han Solo,717,542,113759,4044,107643,37619,4894,183,22,3,2026-07-31T16:00:09.792230+00:00
all,VISASMARR,Visas Marr,12486,5763,20962,5656,64379,14690,14470,1746,422,28,2026-07-31T12:31:05.508886+00:00
all,WAMPA,Wampa,714,601,55059,26142,123811,43362,39634,7878,2299,446,2026-07-31T13:30:09.203966+00:00
all,WATTAMBOR,Wat Tambor,1947,2030,3174,2046,11680,981,165348,4631,454,14,2026-07-31T10:30:13.822213+00:00
all,WEDGEANTILLES,Wedge Antilles,1833,1064,167554,8284,54792,8288,9171,1052,509,60,2026-07-31T18:30:25.641062+00:00
all,WICKET,Wicket,3117,3575,144877,8390,27411,3848,31315,1446,860,17,2026-07-31T21:00:27.299147+00:00
all,BADBATCHWRECKER,Wrecker,14017,2444,4981,1153,150520,16048,5151,885,312,7,2026-07-31T08:30:43.529770+00:00
all,WRECKERS3,Wrecker (Mercenary),16120,4016,13855,3513,35513,10189,8396,1868,1159,170,2026-08-01T02:37:59.681521+00:00
all,YODACHEWBACCA,Yoda & Chewie,4542,6299,4248,5406,4503,21843,11980,1122,1164,39,2026-08-01T01:37:07.453913+00:00
all,YODADSV,Yoda (Dark Side Vision),0,0,0,0,0,0,0,0,0,0,2026-08-01T00:00:15.165021+00:00
all,YOUNGHAN,Young Han Solo,2390,797,1634,428,22921,29421,8678,182,703,6,2026-07-31T12:30:48.434938+00:00
all,YOUNGLANDO,Young Lando Calrissian,2145,1127,2154,575,81658,21074,15689,198,143,1,2026-07-31T12:30:09.568586+00:00
all,ZAALBAR,Zaalbar,10035,7681,49068,9103,32115,24316,10005,3544,1004,69,2026-07-31T12:00:31.472965+00:00
all,ZAMWESELL,Zam Wesell,3185,2031,2787,1418,17451,1999,138228,14368,107,9,2026-07-31T18:02:13.625609+00:00
all,RANGERZEB,Zeb Orrelios (New Republic Pilot),1463,2022,743,4996,2117,411,690,278,519,22,2026-08-01T00:30:17.548799+00:00
all,ZORIIBLISS_V2,Zorii Bliss,8295,3598,18408,4085,45557,13604,13516,642,129,1,2026-08-01T06:07:28.743842+00:00
all,ZUCKUSS,Zuckuss,3409,3577,5181,3783,8799,2809,6759,858,2002,17,2026-08-01T01:37:36.908044+00:00
guilds_100,TRIPLEZERO,0-0-0,3,0,4,1,875,485,2705,425,413,7,2026-08-01T06:08:19.272791+00:00
guilds_100,4LOM,4-LOM,92,103,189,195,660,563,1616,370,838,3,2026-08-01T01:37:36.237558+00:00
guilds_100,50RT,50R-T,1,0,0,0,1134,1143,1517,658,432,21,2026-08-01T07:07:25.656780+00:00
guilds_100,AAYLASECURA,Aayla Secura,0,0,163,29,420,293,1146,1382,1498,0,2026-07-31T20:30:43.737519+00:00
guilds_100,ADMIRALACKBAR,Admiral Ackbar,0,0,980,183,959,698,857,1115,92,9,2026-07-31T22:30:57.891226+00:00
guilds_100,ADMIRALPIETT,Admiral Piett,0,0,0,0,1,0,0,1828,3015,112,2026-07-31T09:00:58.793788+00:00
guilds_100,ADMIRALRADDUS,Admiral Raddus,0,0,0,0,0,1,0,0,4875,91,2026-08-01T07:07:06.880022+00:00
guilds_100,TRENCH,Admiral Trench,93,66,157,102,654,564,2212,642,112,6,2026-08-01T06:07:13.429521+00:00
guilds_100,GLAHSOKATANO,Ahsoka Tano,0,0,0,0,0,0,11,31,1967,2927,2026-08-01T03:07:40.657095+00:00
guilds_100,FULCRUMAHSOKA,Ahsoka Tano (Fulcrum),2,0,2,1,4,3,1,0,4925,11,2026-07-31T16:01:02.929599+00:00
guilds_100,AHSOKATANO,Ahsoka Tano (Snips),0,0,1,0,5,1,4,4,4943,10,2026-07-31T18:30:53.483670+00:00
guilds_100,AMILYNHOLDO,Amilyn Holdo,0,0,0,0,3360,355,742,211,220,1,2026-07-31T13:00:27.713494+00:00
guilds_100,ARCTROOPER501ST,ARC Trooper,0,0,1,0,1,0,0,4916,27,0,2026-07-31T10:00:59.646175+00:00
guilds_100,ASAJVENTRESS,Asajj Ventress,1,0,4,0,1916,975,1306,557,132,0,2026-07-31T19:30:07.787865+00:00
guilds_100,ASAJJDARKDISCIPLE,Asajj Ventress (Dark Disciple),7,17,20,47,75,1669,1649,565,765,2,2026-08-01T01:37:05.774262+00:00
guilds_100,AURRA_SING,Aurra Sing,0,0,0,0,0,3851,391,423,69,0,2026-07-31T12:00:07.316171+00:00
guilds_100,B1BATTLEDROIDV2,B1 Battle Droid,5,4,150,287,2297,689,1106,235,99,1,2026-07-31T11:00:14.161558+00:00
guilds_100,B2SUPERBATTLEDROID,B2 Super Battle Droid,8,7,193,142,1475,861,1317,825,101,0,2026-07-31T23:30:25.787488+00:00
guilds_100,BARRISSOFFEE,Barriss Offee,1,0,1,0,688,512,1945,1103,688,17,2026-07-31T20:00:42.380058+00:00
guilds_100,BASTILASHAN,Bastila Shan,0,0,1,0,1,1,3536,901,517,7,2026-07-31T12:01:01.660702+00:00
guilds_100,BASTILASHANDARK,Bastila Shan (Fallen),8,5,57,57,802,957,2360,621,90,1,2026-07-31T11:00:53.585862+00:00
guilds_100,BATCHERS3,Batcher,53,25,148,57,1160,509,1759,758,320,1,2026-08-01T03:07:25.942395+00:00
guilds_100,BAYLANSKOLL,Baylan Skoll,1,10,9,18,71,60,1273,1398,1803,273,2026-08-01T03:37:06.419476+00:00
guilds_100,BAZEMALBUS,Baze Malbus,95,32,198,59,974,1023,1321,377,601,6,2026-07-31T17:30:39.610578+00:00
guilds_100,BB8,BB-8,0,0,0,0,1,0,4526,308,42,0,2026-07-31T14:00:19.677796+00:00
guilds_100,BENSOLO,Ben Solo,4,0,9,11,71,81,1009,1333,1793,630,2026-08-01T06:40:29.326983+00:00
guilds_100,BIGGSDARKLIGHTER,Biggs Darklighter,0,0,1186,205,2136,383,746,168,35,0,2026-07-31T22:00:57.854702+00:00
guilds_100,BISTAN,Bistan,0,0,0,0,3657,204,581,249,175,0,2026-07-31T17:30:41.811730+00:00
guilds_100,MANDALORBOKATAN,Bo-Katan (Mand'alor),0,1,1,1,6,2,1333,1689,1809,81,2026-08-01T04:37:26.534660+00:00
guilds_100,BOKATAN,Bo-Katan Kryze,0,0,0,0,1593,671,1385,460,829,3,2026-07-31T08:31:29.954072+00:00
guilds_100,BOBAFETT,Boba Fett,0,0,0,0,1,0,0,4373,594,4,2026-07-31T22:30:27.300469+00:00
guilds_100,BOBAFETTSCION,"Boba Fett, Scion of Jango",88,64,139,86,480,429,1500,770,1022,3,2026-07-31T08:00:07.928886+00:00
guilds_100,BODHIROOK,Bodhi Rook,355,131,434,119,1813,562,640,135,230,1,2026-07-31T16:30:28.666952+00:00
guilds_100,BOSSNASS,Boss Nass,4,1,5,1,544,326,1623,2163,265,7,2026-08-01T04:37:06.047157+00:00
guilds_100,BOSSK,Bossk,0,0,0,0,27,3,14,4133,770,12,2026-07-31T12:31:01.203333+00:00
guilds_100,BOUSHH,Boushh (Leia Organa),0,0,0,0,104,139,713,2133,1800,67,2026-08-01T06:39:13.189539+00:00
guilds_100,BRUTUS,Brutus,2,2,1,1,6,1,856,1097,2918,28,2026-08-01T02:07:29.611955+00:00
guilds_100,BT1,BT-1,6,0,3,0,720,315,2271,1092,478,25,2026-08-01T06:37:19.282486+00:00
guilds_100,C3POLEGENDARY,C-3PO,0,0,0,0,2,0,3357,1311,284,0,2026-07-31T11:00:33.559739+00:00
guilds_100,CADBANE,Cad Bane,0,0,0,0,1598,416,1596,1049,275,11,2026-07-31T21:00:59.204831+00:00
guilds_100,CALKESTIS,Cal Kestis,17,7,34,19,228,350,2859,1081,336,33,2026-08-01T05:37:40.191411+00:00
guilds_100,CANDEROUSORDO,Canderous Ordo,92,39,337,70,1735,341,975,1031,26,1,2026-07-31T11:30:06.763900+00:00
guilds_100,CARSONTEVA,Captain Carson Teva,107,217,90,780,328,103,243,97,254,5,2026-08-01T00:30:06.329318+00:00
guilds_100,CAPTAINDROGAN,Captain Drogan,0,0,0,1,0,1,343,1141,2985,465,2026-08-01T05:07:29.796398+00:00
guilds_100,CAPTAINENOCH,Captain Enoch,0,0,1,0,3,3,1795,659,2479,2,2026-08-01T03:37:42.251166+00:00
guilds_100,HOTHHAN,Captain Han Solo,0,0,3,0,3429,731,372,77,14,0,2026-07-31T16:00:27.781086+00:00
guilds_100,ITHANO,Captain Ithano,0,1,240,85,558,489,1961,877,685,5,2026-08-01T02:08:02.223110+00:00
guilds_100,PHASMA,Captain Phasma,0,0,0,0,2951,108,1642,97,19,0,2026-07-31T20:01:00.624288+00:00
guilds_100,CAPTAINREX,Captain Rex,1,0,0,0,1,0,2752,1897,308,5,2026-08-01T05:08:04.453932+00:00
guilds_100,CAPTAINSILVO,Captain Silvo,0,1,2,3,2,0,1236,1257,2391,19,2026-08-01T02:07:06.673165+00:00
guilds_100,CAPTAINTARPALS,Captain Tarpals,5,0,2,0,574,279,1534,2132,339,77,2026-08-01T04:08:13.169648+00:00
guilds_100,CARADUNE,Cara Dune,102,42,261,86,1603,775,1596,232,79,3,2026-07-31T09:30:26.010805+00:00
guilds_100,CARTHONASI,Carth Onasi,175,83,384,103,1792,957,651,104,19,0,2026-07-31T11:00:50.901941+00:00
guilds_100,CASSIANANDOR,Cassian Andor,0,0,0,0,1,0,0,3888,1061,4,2026-07-31T17:30:06.668026+00:00
guilds_100,CASSIANUNDERCOVER,Cassian Andor (Undercover),29,1148,32,2069,380,24,75,52,196,532,2026-08-01T00:30:34.061076+00:00
guilds_100,APPO,"CC-1119 ""Appo""",0,0,0,0,76,54,405,465,3874,75,2026-08-01T02:37:45.731652+00:00
guilds_100,CC2224,"CC-2224 ""Cody""",0,0,0,0,3650,226,659,96,20,1,2026-07-31T18:01:29.394431+00:00
guilds_100,CEREJUNDA,Cere Junda,0,0,1,1,1,5,3324,1404,208,11,2026-08-01T05:37:29.316517+00:00
guilds_100,CHEWBACCALEGENDARY,Chewbacca,0,0,1,0,0,545,2418,1567,403,6,2026-07-31T11:30:29.287565+00:00
guilds_100,CHIEFCHIRPA,Chief Chirpa,1,0,2121,107,715,172,956,571,9,0,2026-07-31T18:30:54.576581+00:00
guilds_100,CHIEFNEBIT,Chief Nebit,88,52,396,96,437,1348,1533,369,164,5,2026-07-31T18:01:53.874442+00:00
guilds_100,CHIRRUTIMWE,Chirrut Îmwe,2,0,0,0,1741,1150,1323,193,384,2,2026-07-31T17:30:26.270633+00:00
guilds_100,CHOPPERS3,Chopper,135,34,748,157,837,1151,483,1161,172,1,2026-07-31T17:01:10.093784+00:00
guilds_100,CINTA,Cinta Kaz,36,181,51,407,495,1251,1299,339,585,24,2026-08-01T01:01:03.976635+00:00
guilds_100,CLONESERGEANTPHASEI,Clone Sergeant - Phase I,0,0,0,0,3871,128,579,78,66,0,2026-07-31T23:00:39.764790+00:00
guilds_100,CLONEWARSCHEWBACCA,Clone Wars Chewbacca,209,57,188,33,196,347,297,34,2806,5,2026-07-31T20:00:43.655737+00:00
guilds_100,COBBVANTH,Cobb Vanth,25,23,50,101,176,560,1528,1214,569,106,2026-08-01T01:00:52.023916+00:00
guilds_100,COLONELSTARCK,Colonel Starck,0,0,1299,137,1842,310,568,525,143,1,2026-07-31T13:00:59.384973+00:00
guilds_100,BISHOP,Colonel Ward,106,205,85,760,327,92,207,72,214,0,2026-08-01T00:30:14.863866+00:00
guilds_100,COMMANDERAHSOKA,Commander Ahsoka Tano,0,0,0,0,2,1,6,3,4877,49,2026-07-31T08:01:18.016786+00:00
guilds_100,COMMANDERLUKESKYWALKER,Commander Luke Skywalker,0,0,0,0,4,0,3948,552,446,2,2026-07-31T16:00:45.495139+00:00
guilds_100,CORUSCANTUNDERWORLDPOLICE,Coruscant Underworld Police,32,19,48,29,124,588,199,136,2573,845,2026-07-31T20:30:27.851958+00:00
guilds_100,COUNTDOOKU,Count Dooku,0,0,0,0,0,2,0,4709,219,2,2026-07-31T21:00:06.603573+00:00
guilds_100,CROSSHAIRS3,Crosshair (Scarred),55,25,161,51,1091,475,1630,924,363,15,2026-08-01T02:37:47.586703+00:00
guilds_100,CT210408,"CT-21-0408 ""Echo""",0,0,0,0,2,0,4330,595,28,0,2026-07-31T18:30:06.179350+00:00
guilds_100,CT5555,"CT-5555 ""Fives""",2,4,7,7,116,103,3149,948,607,18,2026-07-31T23:00:54.639329+00:00
guilds_100,CT7567,"CT-7567 ""Rex""",0,0,0,0,5,0,4186,595,181,1,2026-07-31T19:01:02.499793+00:00
guilds_100,OPERATIVE,CX-2,0,0,0,0,94,51,452,524,3792,35,2026-08-01T02:37:34.266528+00:00
guilds_100,DARKTROOPER,Dark Trooper,59,19,256,84,1340,397,1704,857,92,2,2026-07-31T08:31:30.317172+00:00
guilds_100,MOFFGIDEONS3,Dark Trooper Moff Gideon,24,20,46,51,279,209,791,2323,1097,42,2026-08-01T05:07:07.110986+00:00
guilds_100,DARTHBANE,Darth Bane,7,1,2,3,29,16,270,955,2667,1007,2026-08-01T04:37:23.913515+00:00
guilds_100,DARTHMALAK,Darth Malak,1,0,0,0,0,1,4,2,4909,28,2026-07-31T10:31:04.225246+00:00
guilds_100,DARTHMALGUS,Darth Malgus,5,3,10,5,115,68,1008,1265,2341,150,2026-08-01T07:07:27.066518+00:00
guilds_100,MAUL,Darth Maul,0,0,0,2,6,1,3288,1404,178,2,2026-07-31T20:30:59.466907+00:00
guilds_100,DARTHNIHILUS,Darth Nihilus,23,15,122,59,1276,879,2088,393,80,2,2026-07-31T17:01:10.241106+00:00
guilds_100,DARTHREVAN,Darth Revan,1,0,0,0,0,2,4,2,1648,3306,2026-07-31T10:31:27.641457+00:00
guilds_100,DARTHSIDIOUS,Darth Sidious,0,0,0,0,1,0,3368,1177,246,1,2026-07-31T20:30:27.567070+00:00
guilds_100,DARTHSION,Darth Sion,43,25,235,98,1659,1030,1509,214,79,1,2026-07-31T13:00:07.786558+00:00
guilds_100,DARTHTALON,Darth Talon,0,0,0,0,2294,959,1362,240,79,1,2026-08-01T07:37:44.141696+00:00
guilds_100,DARTHTRAYA,Darth Traya,31,16,137,81,1236,513,2171,476,264,8,2026-07-31T13:00:07.782646+00:00
guilds_100,VADER,Darth Vader,0,0,0,0,0,0,3237,1006,632,76,2026-07-31T23:30:43.599765+00:00
guilds_100,VADERDUELSEND,Darth Vader (Duel's End),9,10,11,54,91,861,1516,1139,1093,113,2026-08-01T01:01:27.257210+00:00
guilds_100,DASHRENDAR,Dash Rendar,0,0,0,0,1,0,3813,745,390,3,2026-07-31T08:00:07.949941+00:00
guilds_100,DATHCHA,Dathcha,210,87,964,132,586,656,994,227,15,0,2026-07-31T22:00:08.070083+00:00
guilds_100,DEATHTROOPER,Death Trooper,59,34,291,84,1049,862,1312,1054,74,1,2026-07-31T17:01:45.566761+00:00
guilds_100,DEATHTROOPERPERIDEA,Death Trooper (Peridea),0,0,1,0,4,1,1774,677,2497,4,2026-08-01T03:37:52.247270+00:00
guilds_100,DEDRAMEERO,Dedra Meero,47,221,75,603,713,1280,1061,206,437,4,2026-08-01T01:00:51.989699+00:00
guilds_100,DENGAR,Dengar,0,0,0,0,1496,402,1477,956,617,11,2026-07-31T18:30:06.187428+00:00
guilds_100,DEPABILLABA,Depa Billaba,0,0,0,0,142,88,671,661,3364,6,2026-08-01T02:08:16.003024+00:00
guilds_100,DIRECTORKRENNIC,Director Krennic,0,0,0,2135,708,661,768,350,93,3,2026-07-31T17:01:45.944262+00:00
guilds_100,DISGUISEDCLONETROOPER,Disguised Clone Trooper,0,0,0,1,101,59,471,539,3751,33,2026-08-01T02:37:32.543520+00:00
guilds_100,DOCTORAPHRA,Doctor Aphra,7,7,12,16,229,80,2983,999,498,47,2026-08-01T06:07:28.202348+00:00
guilds_100,DROIDEKA,Droideka,71,30,539,225,1745,1021,990,202,22,1,2026-07-31T11:00:08.424966+00:00
guilds_100,BADBATCHECHO,Echo,0,0,0,0,2005,940,1398,348,232,0,2026-07-31T08:30:40.358658+00:00
guilds_100,EETHKOTH,Eeth Koth,129,44,70,20,2917,125,221,137,231,0,2026-07-31T23:30:59.817577+00:00
guilds_100,EIGHTHBROTHER,Eighth Brother,0,0,0,0,230,85,2195,1159,1289,1,2026-08-01T07:07:46.603560+00:00
guilds_100,EMBO,Embo,0,0,0,0,893,918,1633,1079,418,7,2026-07-31T12:00:07.312301+00:00
guilds_100,EMPERORPALPATINE,Emperor Palpatine,0,0,0,0,0,0,3985,666,303,10,2026-07-31T18:01:29.260753+00:00
guilds_100,ENFYSNEST,Enfys Nest,52,21,132,51,2132,587,1208,418,132,2,2026-07-31T12:30:28.471145+00:00
guilds_100,EWOKELDER,Ewok Elder,269,119,734,64,597,454,854,237,10,0,2026-07-31T19:02:08.582519+00:00
guilds_100,EWOKSCOUT,Ewok Scout,245,107,138,41,298,327,231,28,1393,0,2026-07-31T20:30:07.505732+00:00
guilds_100,EZRABRIDGERS3,Ezra Bridger,1,0,4,0,18,3018,1002,801,64,1,2026-07-31T16:31:05.124232+00:00
guilds_100,EZRAEXILE,Ezra Bridger (Exile),21,1,3,5,25,21,325,590,2680,1282,2026-08-01T03:37:38.297656+00:00
guilds_100,FENNECSHAND,Fennec Shand,0,0,0,0,0,0,3840,891,177,1,2026-07-31T08:00:30.323417+00:00
guilds_100,FIFTHBROTHER,Fifth Brother,0,0,0,0,58,40,1978,1550,1332,6,2026-08-01T07:07:42.890670+00:00
guilds_100,FINN,Finn,0,1,0,0,2962,278,1186,389,84,1,2026-07-31T20:00:58.593480+00:00
guilds_100,FIRSTORDEREXECUTIONER,First Order Executioner,0,0,0,0,4090,202,229,50,147,0,2026-07-31T13:00:44.340655+00:00
guilds_100,FIRSTORDEROFFICERMALE,First Order Officer,0,0,0,0,1965,980,1377,371,216,1,2026-07-31T22:30:40.441357+00:00
guilds_100,FIRSTORDERSPECIALFORCESPILOT,First Order SF TIE Pilot,0,0,394,50,3290,238,511,136,249,0,2026-07-31T13:30:27.647679+00:00
guilds_100,FIRSTORDERTROOPER,First Order Stormtrooper,0,0,0,0,2641,629,997,420,188,3,2026-07-31T22:00:44.665626+00:00
guilds_100,FIRSTORDERTIEPILOT,First Order TIE Pilot,0,0,1634,188,1988,338,365,190,144,0,2026-07-31T23:30:42.756136+00:00
guilds_100,GAMORREANGUARD,Gamorrean Guard,0,0,2098,99,1253,363,322,331,154,5,2026-07-31T18:30:24.822935+00:00
guilds_100,GARSAXON,Gar Saxon,173,74,415,95,1714,555,637,833,42,2,2026-07-31T16:30:26.503908+00:00
guilds_100,ZEBS3,"Garazeb ""Zeb"" Orrelios",249,66,1321,193,1107,907,370,319,27,0,2026-07-31T16:30:47.516069+00:00
guilds_100,GRIEVOUS,General Grievous,0,0,1,0,1,0,3592,1055,285,16,2026-07-31T19:01:02.460853+00:00
guilds_100,GENERALHUX,General Hux,0,0,0,0,467,796,2099,1210,386,7,2026-07-31T10:00:34.065047+00:00
guilds_100,GENERALKENOBI,General Kenobi,0,0,1,0,1,0,0,40,4795,135,2026-07-31T17:30:55.629458+00:00
guilds_100,GENERALSKYWALKER,General Skywalker,0,0,0,0,0,0,0,37,4781,117,2026-07-31T10:30:06.917396+00:00
guilds_100,GENERALSYNDULLA,General Syndulla,2,0,0,0,254,280,1493,1555,1338,40,2026-08-01T03:07:42.340424+00:00
guilds_100,VEERS,General Veers,0,0,1064,154,1922,480,653,573,19,1,2026-07-31T21:30:39.317445+00:00
guilds_100,GEONOSIANBROODALPHA,Geonosian Brood Alpha,49,20,482,373,1487,837,1232,254,147,1,2026-07-31T10:30:30.068813+00:00
guilds_100,GEONOSIANSOLDIER,Geonosian Soldier,247,83,1008,277,1130,710,985,164,161,1,2026-07-31T20:00:25.397213+00:00
guilds_100,GEONOSIANSPY,Geonosian Spy,132,55,717,429,1402,626,1108,302,78,2,2026-07-31T18:02:12.394360+00:00
guilds_100,GRANDADMIRALTHRAWN,Grand Admiral Thrawn,0,0,0,0,0,22,4361,434,119,2,2026-07-31T16:00:59.847061+00:00
guilds_100,GRANDINQUISITOR,Grand Inquisitor,0,0,1,0,13,23,1268,1914,1684,41,2026-08-01T07:07:06.931905+00:00
guilds_100,GRANDMASTERYODA,Grand Master Yoda,2,0,0,0,1,0,0,4232,710,2,2026-07-31T22:00:27.646643+00:00
guilds_100,GRANDMOFFTARKIN,Grand Moff Tarkin,0,0,0,0,0,0,210,317,4362,30,2026-07-31T21:30:55.143441+00:00
guilds_100,GREATMOTHERS,Great Mothers,0,0,1,1,4,6,3228,1303,387,28,2026-08-01T03:37:28.190902+00:00
guilds_100,GREEDO,Greedo,0,0,0,0,0,3925,410,365,36,3,2026-07-31T23:30:06.600082+00:00
guilds_100,GREEFKARGA,Greef Karga,61,29,178,64,1053,633,2640,158,31,0,2026-07-31T09:30:26.199597+00:00
guilds_100,GOPHERANTS,Grogu & Anzellans,109,252,90,789,382,100,229,81,228,1,2026-08-01T00:00:25.577354+00:00
guilds_100,BOOMADIER,Gungan Boomadier,1,0,2,0,604,276,1580,2185,274,11,2026-08-01T04:07:56.290321+00:00
guilds_100,GUNGANPHALANX,Gungan Phalanx,5,0,3,0,550,292,1647,2122,312,6,2026-08-01T04:07:45.239755+00:00
guilds_100,HANSOLO,Han Solo,0,0,0,0,0,2,0,4492,478,3,2026-07-31T19:30:47.800495+00:00
guilds_100,HERASYNDULLAS3,Hera Syndulla,0,0,1,0,1382,863,708,1941,38,0,2026-07-31T17:00:45.417834+00:00
guilds_100,HERMITYODA,Hermit Yoda,0,0,0,0,966,1029,1770,908,290,0,2026-07-31T16:00:27.911687+00:00
guilds_100,HK47,HK-47,0,0,3,1,5,1,4401,273,109,0,2026-07-31T23:00:06.948529+00:00
guilds_100,HONDO,Hondo Ohnaka,1,0,1,1,3,14,10,6,4889,25,2026-08-01T06:37:19.365586+00:00
guilds_100,HOTHREBELSCOUT,Hoth Rebel Scout,198,87,924,138,1460,422,615,88,74,1,2026-07-31T22:30:07.457838+00:00
guilds_100,HOTHREBELSOLDIER,Hoth Rebel Soldier,572,162,300,79,737,591,140,131,146,0,2026-07-31T20:00:07.390812+00:00
guilds_100,BADBATCHHUNTER,Hunter,0,0,0,0,3247,233,997,267,165,2,2026-07-31T08:31:10.734093+00:00
guilds_100,HUNTERS3,Hunter (Mercenary),53,26,151,43,1069,594,1793,786,327,1,2026-08-01T03:07:07.686464+00:00
guilds_100,HUYANG,Huyang,4,1,0,0,6,0,1762,1715,1434,39,2026-08-01T03:08:00.169072+00:00
guilds_100,IDENVERSIOEMPIRE,Iden Versio,35,24,184,51,1146,183,921,1779,535,7,2026-08-01T07:37:24.946124+00:00
guilds_100,MAGNAGUARD,IG-100 MagnaGuard,0,0,0,1,2749,412,961,577,213,1,2026-07-31T19:01:50.857617+00:00
guilds_100,IG11,IG-11,312,97,425,64,2365,355,797,166,19,0,2026-07-31T09:00:08.932251+00:00
guilds_100,IG12,IG-12 & Grogu,0,0,0,0,0,2,2912,657,1378,6,2026-08-01T04:37:38.885434+00:00
guilds_100,IG86SENTINELDROID,IG-86 Sentinel Droid,961,156,1467,115,671,293,152,54,49,0,2026-07-31T22:30:44.307940+00:00
guilds_100,IG88,IG-88,0,0,0,0,2382,498,967,371,694,2,2026-07-31T22:00:26.256199+00:00
guilds_100,IG90,IG-90,7,20,14,28,51,1164,2270,486,810,8,2026-08-01T01:37:22.462197+00:00
guilds_100,IMAGUNDI,Ima-Gun Di,359,128,279,68,1150,575,138,47,150,0,2026-07-31T22:00:42.888724+00:00
guilds_100,IMPERIALPROBEDROID,Imperial Probe Droid,260,195,413,452,823,449,1113,164,204,2,2026-07-31T13:30:07.357220+00:00
guilds_100,IMPERIALSUPERCOMMANDO,Imperial Super Commando,135,70,362,104,1780,576,527,821,109,2,2026-07-31T16:30:06.457149+00:00
guilds_100,INQUISITORBARRISS,Inquisitor Barriss,9,22,15,62,92,1327,1734,912,665,6,2026-08-01T01:01:38.934114+00:00
guilds_100,JABBATHEHUTT,Jabba the Hutt,0,0,0,0,0,0,99,629,3708,497,2026-08-01T06:39:08.370179+00:00
guilds_100,JANGOFETT,Jango Fett,0,0,0,0,2,0,3507,1194,247,4,2026-07-31T11:30:35.769382+00:00
guilds_100,JARJARBINKS,Jar Jar Binks,3,2,11,5,380,441,1541,1816,703,10,2026-08-01T04:07:43.056457+00:00
guilds_100,JAWA,Jawa,0,0,2238,172,493,507,1059,58,43,0,2026-07-31T21:30:07.077114+00:00
guilds_100,JAWAENGINEER,Jawa Engineer,159,89,875,122,723,778,1091,71,50,0,2026-07-31T18:30:38.873190+00:00
guilds_100,JAWASCAVENGER,Jawa Scavenger,87,44,451,117,449,1356,1579,216,90,1,2026-07-31T18:01:53.897918+00:00
guilds_100,JEDIKNIGHTCONSULAR,Jedi Consular,447,172,446,117,1032,607,444,289,81,0,2026-07-31T21:00:06.648439+00:00
guilds_100,ANAKINKNIGHT,Jedi Knight Anakin,0,0,0,0,2,0,3481,1262,213,6,2026-07-31T21:00:41.898090+00:00
guilds_100,JEDIKNIGHTCAL,Jedi Knight Cal Kestis,0,0,0,0,2,2,982,2116,1799,49,2026-08-01T05:08:03.563915+00:00
guilds_100,JEDIKNIGHTGUARDIAN,Jedi Knight Guardian,697,173,701,87,651,361,444,69,14,1,2026-07-31T21:00:25.990363+00:00
guilds_100,JEDIKNIGHTLUKE,Jedi Knight Luke Skywalker,0,0,0,0,0,0,1321,1854,1757,18,2026-07-31T09:01:39.138701+00:00
guilds_100,JEDIKNIGHTREVAN,Jedi Knight Revan,3,3,14,15,228,258,1701,1687,1004,45,2026-07-31T11:30:14.979429+00:00
guilds_100,JEDIMASTERKENOBI,Jedi Master Kenobi,0,0,0,0,0,0,186,1119,3182,438,2026-07-31T08:01:12.518621+00:00
guilds_100,GRANDMASTERLUKE,Jedi Master Luke Skywalker,0,0,0,0,0,0,142,464,2927,1384,2026-07-31T09:00:57.873865+00:00
guilds_100,JEDIMASTERMACEWINDU,Jedi Master Mace Windu,1,0,1,4,64,33,528,559,3692,24,2026-08-01T02:37:05.541360+00:00
guilds_100,JOCASTANU,Jocasta Nu,2,0,5,5,75,31,750,1657,2377,4,2026-08-01T03:07:07.698323+00:00
guilds_100,JOLEEBINDO,Jolee Bindo,16,10,71,54,465,981,2087,864,377,7,2026-07-31T12:00:48.884825+00:00
guilds_100,JUHANI,Juhani,20,10,99,50,511,1163,2184,572,278,6,2026-07-31T11:00:35.051223+00:00
guilds_100,JYNERSO,Jyn Erso,0,0,0,0,740,1493,1497,437,785,6,2026-07-31T17:30:06.718054+00:00
guilds_100,K2SO,K-2SO,132,39,351,93,1525,615,944,89,1016,5,2026-07-31T17:30:24.659105+00:00
guilds_100,KANANJARRUSS3,Kanan Jarrus,108,33,690,134,940,1067,500,1230,107,0,2026-07-31T17:00:45.451954+00:00
guilds_100,KELLERANBEQ,Kelleran Beq,1,0,0,0,2,0,1175,2145,1621,5,2026-08-01T04:37:36.610483+00:00
guilds_100,KIADIMUNDI,Ki-Adi-Mundi,13,7,52,23,734,339,2051,1430,246,0,2026-07-31T10:01:00.268104+00:00
guilds_100,KITFISTO,Kit Fisto,21,15,82,13,2300,289,1176,639,95,0,2026-07-31T23:00:54.486230+00:00
guilds_100,KIX,Kix,1,1,3,3,2,1360,2223,714,592,1,2026-08-01T02:07:42.486972+00:00
guilds_100,KLEYA,Kleya Marki,27,139,52,263,392,1172,1545,512,607,57,2026-08-01T01:01:21.433693+00:00
guilds_100,KRRSANTAN,Krrsantan,0,0,0,0,91,109,576,1414,2604,155,2026-08-01T06:41:09.715891+00:00
guilds_100,KUIIL,Kuiil,243,113,334,57,2337,481,618,130,19,0,2026-07-31T09:00:38.384414+00:00
guilds_100,KXSECURITYDROID,KX Security Droid,48,308,72,892,1042,847,744,217,443,51,2026-08-01T00:30:26.669655+00:00
guilds_100,KYLEKATARN,Kyle Katarn,0,0,0,0,1331,680,2008,664,243,8,2026-08-01T07:37:57.218396+00:00
guilds_100,KYLOREN,Kylo Ren,0,0,0,0,0,0,4444,236,191,1,2026-07-31T22:00:07.974210+00:00
guilds_100,KYLORENUNMASKED,Kylo Ren (Unmasked),0,0,0,0,0,0,2134,1668,1114,52,2026-07-31T13:30:26.453475+00:00
guilds_100,L3_37,L3-37,118,33,246,65,1389,685,912,1171,190,0,2026-07-31T12:30:07.389141+00:00
guilds_100,ADMINISTRATORLANDO,Lando Calrissian,0,0,0,0,3829,235,373,70,124,0,2026-07-31T19:01:28.134699+00:00
guilds_100,GLLEIA,Leia Organa,0,0,0,0,0,0,30,227,2497,2181,2026-08-01T05:07:07.079745+00:00
guilds_100,LOBOT,Lobot,0,0,938,120,380,1513,1275,262,224,1,2026-07-31T20:30:59.536036+00:00
guilds_100,LOGRAY,Logray,264,98,834,70,487,300,1060,438,36,0,2026-07-31T23:00:07.293396+00:00
guilds_100,LORDVADER,Lord Vader,0,0,0,0,0,1,43,271,2296,2307,2026-07-31T08:00:32.207919+00:00
guilds_100,LUKESKYWALKER,Luke Skywalker (Farmboy),595,154,1451,82,615,395,352,60,13,0,2026-07-31T19:30:07.815043+00:00
guilds_100,LUMINARAUNDULI,Luminara Unduli,31,16,86,22,1551,528,1659,735,131,1,2026-07-31T22:30:07.431679+00:00
guilds_100,LUTHENRAEL,Luthen Rael,36,23,88,64,415,331,2708,664,470,108,2026-08-01T04:07:07.343437+00:00
guilds_100,MACEWINDU,Mace Windu,0,0,60,22,540,545,2044,1064,654,41,2026-07-31T20:30:07.447353+00:00
guilds_100,MAGMATROOPER,Magmatrooper,214,114,283,65,1902,498,488,115,137,1,2026-07-31T19:31:04.432099+00:00
guilds_100,MAJORPARTAGAZ,Major Partagaz,51,262,80,813,1045,921,868,160,423,3,2026-08-01T00:30:42.796471+00:00
guilds_100,MARAJADE,"Mara Jade, The Emperor's Hand",1,0,1,0,774,626,2668,708,164,5,2026-08-01T07:37:39.945769+00:00
guilds_100,MARROK,Marrok,3,0,2,0,1,6,1697,1999,1231,26,2026-08-01T03:37:12.327459+00:00
guilds_100,MASTERQUIGON,Master Qui-Gon,1,3,3,1,41,21,331,184,4311,66,2026-08-01T04:07:26.675527+00:00
guilds_100,MAULS7,Maul,12,4,28,16,229,127,1262,2007,1193,33,2026-07-31T08:00:49.991144+00:00
guilds_100,MAULHATEFUELED,Maul (Hate-Fueled),9,262,6,68,27,102,368,493,1663,1660,2026-08-01T01:01:49.438139+00:00
guilds_100,MAZKANATA,Maz Kanata,18,15,50,37,405,268,2103,1218,676,8,2026-08-01T02:07:44.562727+00:00
guilds_100,MERRIN,Merrin,109,8,24,39,188,172,3570,702,98,3,2026-08-01T05:37:26.914625+00:00
guilds_100,MISSIONVAO,Mission Vao,65,28,216,71,663,1834,1314,392,80,3,2026-07-31T12:00:27.667834+00:00
guilds_100,HUMANTHUG,Mob Enforcer,0,0,2049,125,1612,274,291,121,20,0,2026-07-31T19:01:27.845007+00:00
guilds_100,MOFFGIDEONS1,Moff Gideon,13,18,70,43,707,664,1294,1862,237,1,2026-07-31T09:00:08.908196+00:00
guilds_100,MONMOTHMA,Mon Mothma,0,0,0,0,2734,590,1260,150,166,0,2026-07-31T09:01:17.267378+00:00
guilds_100,MORGANELSBETH,Morgan Elsbeth,1,0,2,1,4,5,3029,1219,615,69,2026-08-01T03:37:58.652147+00:00
guilds_100,MOTHERTALZIN,Mother Talzin,72,30,890,161,1578,578,1200,242,29,0,2026-07-31T14:00:14.174071+00:00
guilds_100,NIGHTTROOPER,Night Trooper,0,0,2,0,4,0,1777,678,2493,2,2026-08-01T04:07:07.335800+00:00
guilds_100,NIGHTSISTERACOLYTE,Nightsister Acolyte,319,90,1438,115,859,278,294,250,86,0,2026-07-31T21:00:40.882594+00:00
guilds_100,NIGHTSISTERINITIATE,Nightsister Initiate,355,112,1205,65,618,357,112,316,158,0,2026-07-31T21:30:25.229962+00:00
guilds_100,NIGHTSISTERSPIRIT,Nightsister Spirit,35,19,272,76,536,661,1352,1356,423,106,2026-07-31T13:30:48.840150+00:00
guilds_100,NIGHTSISTERZOMBIE,Nightsister Zombie,59,23,665,91,2171,379,864,308,151,0,2026-07-31T13:30:47.236176+00:00
guilds_100,NINTHSISTER,Ninth Sister,0,0,0,0,174,56,3505,762,430,5,2026-08-01T07:37:04.998996+00:00
guilds_100,NUTEGUNRAY,Nute Gunray,0,0,0,0,0,0,4046,751,95,0,2026-07-31T23:00:23.748791+00:00
guilds_100,OLDBENKENOBI,Obi-Wan Kenobi (Old Ben),0,0,0,0,2793,468,1204,273,181,3,2026-07-31T22:01:01.777976+00:00
guilds_100,DAKA,Old Daka,22,13,356,115,1516,482,1533,473,318,2,2026-07-31T19:30:29.552310+00:00
guilds_100,BADBATCHOMEGA,Omega,296,62,851,120,1543,639,763,194,182,1,2026-07-31T08:00:55.410937+00:00
guilds_100,OMEGAS3,Omega (Fugitive),57,27,140,58,1151,469,1786,801,341,8,2026-08-01T03:07:27.304820+00:00
guilds_100,PADAWANOBIWAN,Padawan Obi-Wan,1,3,5,0,36,25,308,196,4300,75,2026-08-01T04:07:28.158889+00:00
guilds_100,PADAWANSABINE,Padawan Sabine Wren,1,0,1,1,6,1,1508,1530,1857,60,2026-08-01T03:08:12.484173+00:00
guilds_100,PADMEAMIDALA,Padmé Amidala,0,0,0,0,2,0,1,4411,552,3,2026-07-31T10:30:51.631142+00:00
guilds_100,PAO,Pao,118,50,233,73,2362,520,715,163,475,0,2026-07-31T16:30:46.966658+00:00
guilds_100,PAPLOO,Paploo,356,113,1016,78,735,435,829,206,16,0,2026-07-31T23:00:39.651028+00:00
guilds_100,PAZVIZSLA,Paz Vizsla,0,0,0,0,0,1,2739,688,1469,62,2026-08-01T04:37:53.117764+00:00
guilds_100,GLHONDO,Pirate King Hondo Ohnaka,0,0,0,0,1,0,14,27,2821,2016,2026-08-01T02:07:06.635697+00:00
guilds_100,PLOKOON,Plo Koon,0,0,0,0,11,2,0,4380,514,1,2026-07-31T19:01:48.528723+00:00
guilds_100,POE,Poe Dameron,0,0,0,0,3575,164,887,154,78,0,2026-07-31T23:00:24.381336+00:00
guilds_100,POGGLETHELESSER,Poggle the Lesser,338,82,1156,197,892,686,1011,313,25,1,2026-07-31T20:30:43.937687+00:00
guilds_100,PRINCESSKNEESAA,Princess Kneesaa,0,0,1,0,0,1,4090,558,16,0,2026-08-01T05:07:46.993132+00:00
guilds_100,PRINCESSLEIA,Princess Leia,0,0,1496,158,644,1185,991,266,33,1,2026-07-31T21:30:07.051374+00:00
guilds_100,QIRA,Qi'ra,24,14,33,7,2151,671,480,1236,36,0,2026-07-31T12:30:30.994211+00:00
guilds_100,QUEENAMIDALA,Queen Amidala,1,4,7,4,75,42,437,664,3512,208,2026-08-01T04:08:01.381183+00:00
guilds_100,QUIGONJINN,Qui-Gon Jinn,0,0,354,39,2304,428,1226,500,61,0,2026-07-31T19:31:01.822671+00:00
guilds_100,QUIGGOLD,Quiggold,0,1,2,1,822,338,1627,891,1168,58,2026-08-01T02:07:59.444988+00:00
guilds_100,R2D2_LEGENDARY,R2-D2,0,0,0,0,0,0,2,1786,3088,97,2026-07-31T16:30:06.429509+00:00
guilds_100,R5D4,R5-D4,104,237,81,814,303,70,135,63,523,0,2026-08-01T00:30:24.146706+00:00
guilds_100,RANGETROOPER,Range Trooper,79,49,647,116,1881,295,905,586,60,1,2026-07-31T12:01:04.585301+00:00
guilds_100,SCORCH,"RC-1262 ""Scorch""",0,0,0,0,19,15,121,219,4466,93,2026-08-01T02:37:20.444722+00:00
guilds_100,HOTHLEIA,Rebel Officer Leia Organa,0,0,3,0,3022,416,515,507,190,0,2026-07-31T16:00:44.378240+00:00
guilds_100,EPIXFINN,Resistance Hero Finn,0,0,0,0,2762,339,1348,241,190,0,2026-07-31T10:00:10.241402+00:00
guilds_100,EPIXPOE,Resistance Hero Poe,0,0,1,0,3196,361,1083,190,34,0,2026-07-31T10:00:10.249968+00:00
guilds_100,RESISTANCEPILOT,Resistance Pilot,1,0,1926,164,1776,233,477,71,64,1,2026-07-31T19:30:29.790845+00:00
guilds_100,RESISTANCETROOPER,Resistance Trooper,0,1,0,0,3734,177,566,113,149,0,2026-07-31T21:30:40.509378+00:00
guilds_100,GLREY,Rey,0,0,0,0,1,0,165,465,1182,3101,2026-07-31T09:30:56.158296+00:00
guilds_100,DARKREY,Rey (Dark Side Vision),5,4,4,4,50,35,828,2209,1725,73,2026-08-01T03:07:55.969669+00:00
guilds_100,REYJEDITRAINING,Rey (Jedi Training),0,0,0,0,0,0,4331,437,156,5,2026-07-31T13:00:57.663988+00:00
guilds_100,REY,Rey (Scavenger),0,0,0,0,0,0,45,4720,109,2,2026-07-31T21:00:55.990249+00:00
guilds_100,ROSETICO,Rose Tico,0,0,0,0,3284,325,866,162,154,1,2026-07-31T13:00:43.272656+00:00
guilds_100,RACCOON,Rotta the Hutt,49,555,34,1648,705,19,22,75,125,522,2026-08-01T00:30:04.718580+00:00
guilds_100,ROYALGUARD,Royal Guard,0,0,238,43,733,779,1806,841,483,6,2026-07-31T19:02:06.728685+00:00
guilds_100,SABINEWRENS3,Sabine Wren,111,42,548,125,1065,1037,646,1233,54,0,2026-07-31T16:31:06.872224+00:00
guilds_100,SANASTARROS,Sana Starros,2,0,4,0,3126,407,725,272,139,0,2026-08-01T06:07:53.372463+00:00
guilds_100,SATELESHAN,Satele Shan,10,3,11,22,89,130,738,806,2172,834,2026-08-01T01:01:57.952580+00:00
guilds_100,SAVAGEOPRESS,Savage Opress,20,10,131,62,1034,790,2072,659,118,3,2026-07-31T21:30:55.080624+00:00
guilds_100,SAWGERRERA,Saw Gerrera,45,15,66,42,301,386,3457,454,97,7,2026-08-01T05:37:10.830759+00:00
guilds_100,SCARIFREBEL,Scarif Rebel Pathfinder,248,80,542,183,1726,473,469,333,396,0,2026-07-31T18:01:08.642686+00:00
guilds_100,SCOUTTROOPER_V3,Scout Trooper,0,0,1,0,1,0,2221,2528,191,1,2026-08-01T05:07:29.856190+00:00
guilds_100,SECONDSISTER,Second Sister,0,0,0,0,1997,448,1857,527,75,1,2026-08-01T07:37:13.636663+00:00
guilds_100,SEVENTHSISTER,Seventh Sister,0,0,0,0,37,35,1706,1807,1372,4,2026-08-01T07:08:01.609488+00:00
guilds_100,SHAAKTI,Shaak Ti,0,0,1,0,1,0,2565,1718,659,0,2026-07-31T10:30:38.479431+00:00
guilds_100,SHINHATI,Shin Hati,2,1,4,0,3,5,2494,1918,497,27,2026-08-01T03:37:24.183206+00:00
guilds_100,SHORETROOPER,Shoretrooper,118,58,425,130,1767,387,1060,595,94,1,2026-07-31T18:01:08.681035+00:00
guilds_100,SITHASSASSIN,Sith Assassin,0,0,1,0,1357,214,843,847,1660,2,2026-07-31T17:01:28.374880+00:00
guilds_100,SITHTROOPER,Sith Empire Trooper,0,0,3,0,3,2,3885,556,491,10,2026-07-31T17:01:28.300062+00:00
guilds_100,SITHPALPATINE,Sith Eternal Emperor,0,0,0,0,1,2,409,1347,2765,428,2026-07-31T09:00:38.430175+00:00
guilds_100,SITHMARAUDER,Sith Marauder,0,0,0,0,1,1,3402,1004,507,42,2026-07-31T13:00:27.750418+00:00
guilds_100,FOSITHTROOPER,Sith Trooper,0,0,0,0,4,2,2828,1436,660,33,2026-07-31T10:00:33.321840+00:00
guilds_100,UNDERCOVERLANDO,Skiff Guard (Lando Calrissian),0,0,0,0,517,489,1541,1791,611,2,2026-08-01T06:40:27.933228+00:00
guilds_100,SM33,SM-33,10,1,20,14,89,90,484,820,3264,63,2026-08-01T02:37:22.101341+00:00
guilds_100,SNOWTROOPER,Snowtrooper,228,116,497,114,1629,498,417,327,144,1,2026-07-31T22:30:24.904939+00:00
guilds_100,REMNANTSNOWCOMMANDER,Snowtrooper Commander,88,262,90,694,346,114,218,104,213,8,2026-08-01T00:00:22.972738+00:00
guilds_100,STAP,STAP,93,31,328,65,1444,489,1237,1012,73,1,2026-08-01T04:37:06.079413+00:00
guilds_100,STARKILLER,Starkiller,2,3,7,6,110,63,673,1368,2320,402,2026-08-01T07:37:29.589133+00:00
guilds_100,STORMTROOPER,Stormtrooper,159,47,578,108,1883,316,715,628,109,2,2026-07-31T20:00:07.381448+00:00
guilds_100,STORMTROOPERHAN,Stormtrooper Han,224,89,290,103,975,1513,1025,260,93,6,2026-07-31T23:30:58.513749+00:00
guilds_100,STORMTROOPERLUKE,Stormtrooper Luke,11,14,15,39,60,1973,1766,355,565,2,2026-08-01T01:37:22.465869+00:00
guilds_100,SUNFAC,Sun Fac,214,70,917,318,1204,725,1079,241,60,1,2026-07-31T23:30:06.563556+00:00
guilds_100,SUPREMELEADERKYLOREN,Supreme Leader Kylo Ren,0,0,0,0,0,0,128,794,2657,1339,2026-07-31T09:31:15.185470+00:00
guilds_100,T3_M4,T3-M4,389,113,801,157,1787,569,579,89,139,0,2026-07-31T12:00:46.236104+00:00
guilds_100,TALIA,Talia,321,90,1160,91,905,671,343,69,199,0,2026-07-31T23:30:25.912332+00:00
guilds_100,TARFFUL,Tarfful,50,15,111,35,248,501,3104,455,57,4,2026-08-01T05:37:10.836411+00:00
guilds_100,TARONMALICOS,Taron Malicos,23,9,31,29,252,106,1151,2075,1062,164,2026-08-01T05:07:49.178364+00:00
guilds_100,BADBATCHTECH,Tech,0,0,0,0,3154,250,948,311,258,1,2026-07-31T08:31:10.753924+00:00
guilds_100,TEEBO,Teebo,518,119,815,67,470,295,824,123,10,0,2026-07-31T22:30:55.779540+00:00
guilds_100,VANGUARDTEMPLEGUARD,Temple Guard,0,0,0,0,150,76,699,666,3334,9,2026-08-01T02:37:05.558600+00:00
guilds_100,ARMORER,The Armorer,65,23,338,86,1509,920,1128,327,415,1,2026-07-31T08:31:50.695596+00:00
guilds_100,THEMANDALORIAN,The Mandalorian,63,16,172,71,995,825,933,342,190,1295,2026-07-31T09:30:56.296840+00:00
guilds_100,THEMANDALORIANBESKARARMOR,The Mandalorian (Beskar Armor),0,0,0,0,3,0,1854,1405,1571,109,2026-07-31T08:31:53.749103+00:00
guilds_100,STRANGER,The Stranger,3,0,4,8,46,26,508,1022,2686,572,2026-08-01T01:37:48.658434+00:00
guilds_100,THIRDSISTER,Third Sister,1,0,0,0,25,18,661,1785,2399,66,2026-08-01T06:07:52.503804+00:00
guilds_100,C3POCHEWBACCA,Threepio & Chewie,0,0,0,0,3,0,4290,554,104,3,2026-07-31T09:01:21.662615+00:00
guilds_100,TIEFIGHTERPILOT,TIE Fighter Pilot,0,0,0,0,3449,213,700,436,41,1,2026-07-31T17:30:57.160408+00:00
guilds_100,TUSKENCHIEFTAIN,Tusken Chieftain,72,38,306,89,2034,580,1107,317,24,0,2026-08-01T06:07:06.471904+00:00
guilds_100,TUSKENRAIDER,Tusken Raider,0,0,0,0,2953,268,1099,385,55,1,2026-07-31T19:30:47.903563+00:00
guilds_100,TUSKENSHAMAN,Tusken Shaman,107,56,512,116,2148,339,758,158,201,0,2026-07-31T18:30:40.486942+00:00
guilds_100,TUSKENHUNTRESS,Tusken Warrior,56,28,238,68,1711,770,1208,506,54,0,2026-08-01T05:37:42.769882+00:00
guilds_100,UGNAUGHT,Ugnaught,68,34,65,30,281,1434,588,108,53,1393,2026-07-31T20:00:27.754984+00:00
guilds_100,URORRURRR,URoRRuR'R'R,0,0,0,1353,2201,156,812,182,44,0,2026-07-31T21:30:23.848267+00:00
guilds_100,YOUNGCHEWBACCA,Vandor Chewbacca,159,51,325,61,1345,515,1420,171,438,2,2026-07-31T12:30:44.904608+00:00
guilds_100,VANE,Vane,1,0,2,1,3,1,389,311,3690,524,2026-08-01T02:07:26.806596+00:00
guilds_100,VEL,Vel Sartha,27,160,61,336,462,1239,1390,364,609,75,2026-08-01T01:01:09.307059+00:00
guilds_100,SMUGGLERCHEWBACCA,Veteran Smuggler Chewbacca,0,0,13,1,20,5,4355,193,176,0,2026-07-31T16:00:07.395712+00:00
guilds_100,SMUGGLERHAN,Veteran Smuggler Han Solo,0,0,2197,116,1269,720,259,55,8,0,2026-07-31T16:00:07.372944+00:00
guilds_100,VISASMARR,Visas Marr,25,10,97,34,814,1048,2132,588,174,4,2026-07-31T12:31:04.165305+00:00
guilds_100,WAMPA,Wampa,0,0,123,71,803,427,2088,1026,347,28,2026-07-31T13:30:07.335719+00:00
guilds_100,WATTAMBOR,Wat Tambor,0,0,0,0,2,1,4149,622,191,1,2026-07-31T10:30:12.455661+00:00
guilds_100,WEDGEANTILLES,Wedge Antilles,0,0,2358,238,1060,498,512,161,18,0,2026-07-31T18:30:24.491490+00:00
guilds_100,WICKET,Wicket,1,0,2615,122,562,177,792,204,155,1,2026-07-31T21:00:26.065480+00:00
guilds_100,BADBATCHWRECKER,Wrecker,0,0,0,0,3251,254,986,313,109,2,2026-07-31T08:30:40.304133+00:00
guilds_100,WRECKERS3,Wrecker (Mercenary),61,23,143,50,1128,448,1590,767,500,110,2026-08-01T02:37:58.849875+00:00
guilds_100,YODACHEWBACCA,Yoda & Chewie,13,20,19,34,56,1329,2356,366,547,7,2026-08-01T01:37:05.782980+00:00
guilds_100,YOUNGHAN,Young Han Solo,37,21,26,4,2302,1109,428,45,403,0,2026-07-31T12:30:47.496261+00:00
guilds_100,YOUNGLANDO,Young Lando Calrissian,146,40,143,33,504,2672,617,87,76,0,2026-07-31T12:30:07.371038+00:00
guilds_100,ZAALBAR,Zaalbar,80,41,250,60,413,871,2043,634,310,23,2026-07-31T12:00:30.364800+00:00
guilds_100,ZAMWESELL,Zam Wesell,0,0,0,0,0,0,4438,369,63,1,2026-07-31T18:02:12.176495+00:00
guilds_100,RANGERZEB,Zeb Orrelios (New Republic Pilot),100,220,87,780,331,94,230,70,251,19,2026-08-01T00:30:16.635310+00:00
guilds_100,ZORIIBLISS_V2,Zorii Bliss,62,31,426,102,1852,571,1474,256,64,0,2026-08-01T06:07:27.550478+00:00
guilds_100,ZUCKUSS,Zuckuss,91,114,201,201,719,502,1562,331,875,2,2026-08-01T01:37:35.978283+00:00
kyber_1000,TRIPLEZERO,0-0-0,0,0,0,0,42,91,522,131,100,2,2026-08-01T06:08:23.099395+00:00
kyber_1000,4LOM,4-LOM,2,2,5,6,10,74,351,126,272,2,2026-08-01T01:37:38.653437+00:00
kyber_1000,50RT,50R-T,0,0,0,0,32,83,354,257,137,15,2026-08-01T07:07:29.161486+00:00
kyber_1000,AAYLASECURA,Aayla Secura,0,0,12,2,23,42,259,276,281,0,2026-07-31T20:30:46.030766+00:00
kyber_1000,ADMIRALACKBAR,Admiral Ackbar,0,1,121,13,139,109,189,290,35,3,2026-07-31T22:31:00.163498+00:00
kyber_1000,ADMIRALPIETT,Admiral Piett,0,0,0,0,9,1,3,183,681,29,2026-07-31T09:01:01.900875+00:00
kyber_1000,ADMIRALRADDUS,Admiral Raddus,0,1,0,0,1,0,4,0,868,19,2026-08-01T07:07:11.265517+00:00
kyber_1000,TRENCH,Admiral Trench,2,0,6,4,49,67,506,174,46,2,2026-08-01T06:07:15.725260+00:00
kyber_1000,GLAHSOKATANO,Ahsoka Tano,0,0,0,0,0,0,0,0,172,712,2026-08-01T03:07:42.755595+00:00
kyber_1000,FULCRUMAHSOKA,Ahsoka Tano (Fulcrum),3,0,2,1,5,4,1,3,878,3,2026-07-31T16:01:05.183234+00:00
kyber_1000,AHSOKATANO,Ahsoka Tano (Snips),3,9,9,10,29,7,9,1,884,4,2026-07-31T18:30:56.043883+00:00
kyber_1000,AMILYNHOLDO,Amilyn Holdo,2,1,0,0,439,69,248,59,68,1,2026-07-31T13:00:29.662376+00:00
kyber_1000,ARCTROOPER501ST,ARC Trooper,0,1,0,2,3,0,6,883,8,0,2026-07-31T10:01:02.858183+00:00
kyber_1000,ASAJVENTRESS,Asajj Ventress,1,4,11,7,134,204,365,161,29,0,2026-07-31T19:30:12.526468+00:00
kyber_1000,ASAJJDARKDISCIPLE,Asajj Ventress (Dark Disciple),0,1,0,2,10,64,279,232,275,1,2026-08-01T01:37:09.214445+00:00
kyber_1000,AURRA_SING,Aurra Sing,1,0,0,1,5,648,107,77,15,0,2026-07-31T12:00:10.876007+00:00
kyber_1000,B1BATTLEDROIDV2,B1 Battle Droid,3,0,22,27,317,149,284,86,11,0,2026-07-31T11:00:16.421927+00:00
kyber_1000,B2SUPERBATTLEDROID,B2 Super Battle Droid,1,1,16,9,109,208,331,206,26,0,2026-07-31T23:30:27.852550+00:00
kyber_1000,BARRISSOFFEE,Barriss Offee,0,2,3,0,14,24,322,303,220,4,2026-07-31T20:00:44.450215+00:00
kyber_1000,BASTILASHAN,Bastila Shan,2,2,8,6,12,6,462,313,118,1,2026-07-31T12:01:03.826388+00:00
kyber_1000,BASTILASHANDARK,Bastila Shan (Fallen),1,4,10,5,36,111,526,204,27,1,2026-07-31T11:00:55.811040+00:00
kyber_1000,BATCHERS3,Batcher,4,1,4,1,72,100,403,196,77,0,2026-08-01T03:07:28.812661+00:00
kyber_1000,BAYLANSKOLL,Baylan Skoll,0,0,0,0,1,0,47,151,555,129,2026-08-01T03:37:10.602913+00:00
kyber_1000,BAZEMALBUS,Baze Malbus,0,0,3,0,42,148,398,150,135,4,2026-07-31T17:30:41.445923+00:00
kyber_1000,BB8,BB-8,0,0,1,0,1,0,792,67,10,0,2026-07-31T14:00:21.838464+00:00
kyber_1000,BENSOLO,Ben Solo,0,0,0,2,2,0,23,128,449,282,2026-08-01T06:40:36.401785+00:00
kyber_1000,BIGGSDARKLIGHTER,Biggs Darklighter,1,0,79,12,400,87,226,70,17,0,2026-07-31T22:01:00.158475+00:00
kyber_1000,BISTAN,Bistan,2,0,0,0,553,65,160,71,33,0,2026-07-31T17:30:43.768457+00:00
kyber_1000,MANDALORBOKATAN,Bo-Katan (Mand'alor),0,0,0,1,3,0,80,371,397,36,2026-08-01T04:37:28.705797+00:00
kyber_1000,BOKATAN,Bo-Katan Kryze,0,0,0,2,78,135,414,114,155,1,2026-07-31T08:31:32.670015+00:00
kyber_1000,BOBAFETT,Boba Fett,3,3,9,8,21,4,8,799,92,3,2026-07-31T22:30:29.676897+00:00
kyber_1000,BOBAFETTSCION,"Boba Fett, Scion of Jango",1,2,4,0,19,50,333,267,181,2,2026-07-31T08:00:11.935862+00:00
kyber_1000,BODHIROOK,Bodhi Rook,36,9,68,18,349,88,166,52,52,0,2026-07-31T16:30:30.441346+00:00
kyber_1000,BOSSNASS,Boss Nass,1,0,1,0,13,41,275,496,63,3,2026-08-01T04:37:10.060298+00:00
kyber_1000,BOSSK,Bossk,0,2,3,1,20,4,14,630,242,3,2026-07-31T12:31:04.863801+00:00
kyber_1000,BOUSHH,Boushh (Leia Organa),0,1,0,0,15,5,48,355,453,30,2026-08-01T06:39:40.425187+00:00
kyber_1000,BRUTUS,Brutus,0,0,1,0,0,0,65,267,535,8,2026-08-01T02:07:32.202253+00:00
kyber_1000,BT1,BT-1,0,0,0,0,21,17,298,401,132,16,2026-08-01T06:38:07.208856+00:00
kyber_1000,C3POLEGENDARY,C-3PO,0,0,8,4,11,2,551,302,36,0,2026-07-31T11:00:36.085598+00:00
kyber_1000,CADBANE,Cad Bane,1,0,3,3,107,32,310,339,110,6,2026-07-31T21:01:01.894488+00:00
kyber_1000,CALKESTIS,Cal Kestis,1,0,6,1,5,12,363,361,142,19,2026-08-01T05:37:43.080454+00:00
kyber_1000,CANDEROUSORDO,Canderous Ordo,3,1,27,7,247,57,264,254,8,0,2026-07-31T11:30:09.123522+00:00
kyber_1000,CARSONTEVA,Captain Carson Teva,7,31,14,150,61,30,79,50,114,3,2026-08-01T00:30:08.622404+00:00
kyber_1000,CAPTAINDROGAN,Captain Drogan,0,0,1,0,0,0,12,87,568,224,2026-08-01T05:07:33.334145+00:00
kyber_1000,CAPTAINENOCH,Captain Enoch,0,0,1,0,3,4,264,90,524,2,2026-08-01T03:37:45.286394+00:00
kyber_1000,HOTHHAN,Captain Han Solo,0,0,6,5,576,142,100,22,5,0,2026-07-31T16:00:30.108050+00:00
kyber_1000,ITHANO,Captain Ithano,0,0,5,1,9,32,297,308,220,1,2026-08-01T02:08:05.077978+00:00
kyber_1000,PHASMA,Captain Phasma,1,1,2,0,378,27,441,37,7,0,2026-07-31T20:01:02.854562+00:00
kyber_1000,CAPTAINREX,Captain Rex,1,2,3,1,4,1,466,370,53,2,2026-08-01T05:08:09.080128+00:00
kyber_1000,CAPTAINSILVO,Captain Silvo,0,0,0,0,0,0,148,335,385,4,2026-08-01T02:07:14.097817+00:00
kyber_1000,CAPTAINTARPALS,Captain Tarpals,1,1,1,0,15,20,204,456,146,51,2026-08-01T04:08:16.526573+00:00
kyber_1000,CARADUNE,Cara Dune,13,3,34,8,226,137,351,72,27,0,2026-07-31T09:30:31.984339+00:00
kyber_1000,CARTHONASI,Carth Onasi,16,5,62,12,319,172,199,43,9,0,2026-07-31T11:00:52.978443+00:00
kyber_1000,CASSIANANDOR,Cassian Andor,0,0,1,0,1,0,2,740,151,0,2026-07-31T17:30:09.644783+00:00
kyber_1000,CASSIANUNDERCOVER,Cassian Andor (Undercover),2,156,0,355,64,1,4,6,54,199,2026-08-01T00:30:36.387146+00:00
kyber_1000,APPO,"CC-1119 ""Appo""",0,0,0,0,4,2,31,55,742,49,2026-08-01T02:37:48.395868+00:00
kyber_1000,CC2224,"CC-2224 ""Cody""",0,1,0,1,445,74,262,39,14,0,2026-07-31T18:01:32.080894+00:00
kyber_1000,CEREJUNDA,Cere Junda,0,2,2,0,2,1,510,319,59,2,2026-08-01T05:37:32.062428+00:00
kyber_1000,CHEWBACCALEGENDARY,Chewbacca,2,0,4,3,10,85,341,374,96,1,2026-07-31T11:30:31.208127+00:00
kyber_1000,CHIEFCHIRPA,Chief Chirpa,1,3,298,10,133,41,207,151,3,0,2026-07-31T18:30:56.566050+00:00
kyber_1000,CHIEFNEBIT,Chief Nebit,4,1,32,5,26,211,367,132,68,2,2026-07-31T18:01:57.013747+00:00
kyber_1000,CHIRRUTIMWE,Chirrut Îmwe,1,0,0,2,57,201,417,122,68,0,2026-07-31T17:30:28.183673+00:00
kyber_1000,CHOPPERS3,Chopper,9,7,65,16,111,282,172,193,36,0,2026-07-31T17:01:13.501096+00:00
kyber_1000,CINTA,Cinta Kaz,3,13,2,43,60,128,274,105,199,12,2026-08-01T01:01:07.264543+00:00
kyber_1000,CLONESERGEANTPHASEI,Clone Sergeant - Phase I,0,0,4,1,645,34,150,31,13,0,2026-07-31T23:00:42.024057+00:00
kyber_1000,CLONEWARSCHEWBACCA,Clone Wars Chewbacca,27,2,33,7,29,59,64,19,551,1,2026-07-31T20:00:45.567654+00:00
kyber_1000,COBBVANTH,Cobb Vanth,0,0,2,3,2,31,197,344,177,50,2026-08-01T01:00:53.784544+00:00
kyber_1000,COLONELSTARCK,Colonel Starck,0,0,182,12,320,79,123,137,20,1,2026-07-31T13:01:01.525040+00:00
kyber_1000,BISHOP,Colonel Ward,11,27,15,138,67,26,76,38,84,0,2026-08-01T00:30:16.850411+00:00
kyber_1000,COMMANDERAHSOKA,Commander Ahsoka Tano,0,0,0,0,6,2,2,1,862,21,2026-07-31T08:01:20.418596+00:00
kyber_1000,COMMANDERLUKESKYWALKER,Commander Luke Skywalker,1,0,3,3,9,7,642,187,78,0,2026-07-31T16:00:48.145400+00:00
kyber_1000,CORUSCANTUNDERWORLDPOLICE,Coruscant Underworld Police,1,1,4,2,10,75,69,31,479,197,2026-07-31T20:30:29.752157+00:00
kyber_1000,COUNTDOOKU,Count Dooku,1,6,3,2,8,8,5,853,36,0,2026-07-31T21:00:09.640876+00:00
kyber_1000,CROSSHAIRS3,Crosshair (Scarred),2,0,5,1,56,77,297,303,114,11,2026-08-01T02:37:50.193727+00:00
kyber_1000,CT210408,"CT-21-0408 ""Echo""",0,0,1,1,6,0,723,164,11,0,2026-07-31T18:30:09.718526+00:00
kyber_1000,CT5555,"CT-5555 ""Fives""",1,1,5,1,8,7,370,223,295,7,2026-07-31T23:00:56.834608+00:00
kyber_1000,CT7567,"CT-7567 ""Rex""",1,0,1,1,8,0,676,178,42,1,2026-07-31T19:01:07.052952+00:00
kyber_1000,OPERATIVE,CX-2,0,0,0,0,4,1,38,62,752,28,2026-08-01T02:37:36.941353+00:00
kyber_1000,DARKTROOPER,Dark Trooper,10,2,13,4,98,45,382,307,20,1,2026-07-31T08:31:33.228910+00:00
kyber_1000,MOFFGIDEONS3,Dark Trooper Moff Gideon,1,0,1,1,11,17,111,368,357,16,2026-08-01T05:07:11.665102+00:00
kyber_1000,DARTHBANE,Darth Bane,0,0,0,0,1,3,3,30,396,463,2026-08-01T04:37:26.150208+00:00
kyber_1000,DARTHMALAK,Darth Malak,1,0,3,4,6,2,3,0,884,5,2026-07-31T10:31:09.363935+00:00
kyber_1000,DARTHMALGUS,Darth Malgus,0,1,0,0,5,2,53,166,610,59,2026-08-01T07:07:29.753612+00:00
kyber_1000,MAUL,Darth Maul,0,2,3,8,6,9,575,273,29,0,2026-07-31T20:31:01.655061+00:00
kyber_1000,DARTHNIHILUS,Darth Nihilus,0,3,4,2,46,72,544,200,45,0,2026-07-31T17:01:13.489650+00:00
kyber_1000,DARTHREVAN,Darth Revan,0,0,2,5,10,5,12,1,131,760,2026-07-31T10:31:32.553627+00:00
kyber_1000,DARTHSIDIOUS,Darth Sidious,1,0,1,0,5,0,568,251,47,0,2026-07-31T20:30:29.832706+00:00
kyber_1000,DARTHSION,Darth Sion,2,3,11,3,146,204,398,92,39,0,2026-07-31T13:00:11.015721+00:00
kyber_1000,DARTHTALON,Darth Talon,0,0,0,0,118,200,443,121,30,0,2026-08-01T07:37:47.517765+00:00
kyber_1000,DARTHTRAYA,Darth Traya,1,0,2,4,40,45,489,227,93,5,2026-07-31T13:00:11.000966+00:00
kyber_1000,VADER,Darth Vader,4,0,2,4,16,11,440,345,141,15,2026-07-31T23:30:46.178339+00:00
kyber_1000,VADERDUELSEND,Darth Vader (Duel's End),1,2,1,7,6,16,113,297,383,52,2026-08-01T01:01:31.921100+00:00
kyber_1000,DASHRENDAR,Dash Rendar,0,1,0,0,17,0,503,270,114,1,2026-07-31T08:00:11.995303+00:00
kyber_1000,DATHCHA,Dathcha,24,5,161,10,80,136,236,54,4,0,2026-07-31T22:00:11.042960+00:00
kyber_1000,DEATHTROOPER,Death Trooper,6,1,8,2,57,168,330,305,15,1,2026-07-31T17:01:47.974353+00:00
kyber_1000,DEATHTROOPERPERIDEA,Death Trooper (Peridea),0,0,0,0,2,2,218,129,532,3,2026-08-01T03:37:56.260914+00:00
kyber_1000,DEDRAMEERO,Dedra Meero,3,21,5,65,102,171,229,63,166,2,2026-08-01T01:00:56.391772+00:00
kyber_1000,DENGAR,Dengar,5,1,2,0,59,27,266,272,271,6,2026-07-31T18:30:10.114252+00:00
kyber_1000,DEPABILLABA,Depa Billaba,0,0,0,0,11,8,83,126,654,1,2026-08-01T02:08:19.014002+00:00
kyber_1000,DIRECTORKRENNIC,Director Krennic,0,0,0,256,98,161,223,95,31,3,2026-07-31T17:01:48.345459+00:00
kyber_1000,DISGUISEDCLONETROOPER,Disguised Clone Trooper,0,0,0,1,6,3,46,86,732,15,2026-08-01T02:37:35.070027+00:00
kyber_1000,DOCTORAPHRA,Doctor Aphra,0,0,0,0,11,3,432,274,129,26,2026-08-01T06:07:31.205916+00:00
kyber_1000,DROIDEKA,Droideka,11,1,72,26,262,199,244,67,9,0,2026-07-31T11:00:11.890925+00:00
kyber_1000,BADBATCHECHO,Echo,0,0,0,1,87,195,459,102,46,0,2026-07-31T08:30:44.934498+00:00
kyber_1000,EETHKOTH,Eeth Koth,3,2,6,0,557,22,86,51,32,0,2026-07-31T23:31:01.927753+00:00
kyber_1000,EIGHTHBROTHER,Eighth Brother,1,3,5,1,44,15,360,306,183,1,2026-08-01T07:07:50.928481+00:00
kyber_1000,EMBO,Embo,0,1,0,1,27,129,368,280,91,2,2026-07-31T12:00:10.869500+00:00
kyber_1000,EMPERORPALPATINE,Emperor Palpatine,4,0,6,2,16,8,606,201,97,5,2026-07-31T18:01:32.041962+00:00
kyber_1000,ENFYSNEST,Enfys Nest,1,0,1,2,215,99,345,170,38,0,2026-07-31T12:30:30.690409+00:00
kyber_1000,EWOKELDER,Ewok Elder,26,7,143,7,98,100,176,63,3,0,2026-07-31T19:02:10.880683+00:00
kyber_1000,EWOKSCOUT,Ewok Scout,22,4,19,4,40,78,40,9,286,0,2026-07-31T20:30:10.495483+00:00
kyber_1000,EZRABRIDGERS3,Ezra Bridger,5,9,12,12,19,296,371,171,36,0,2026-07-31T16:31:07.932961+00:00
kyber_1000,EZRAEXILE,Ezra Bridger (Exile),0,0,0,0,1,0,7,18,364,494,2026-08-01T03:37:40.775261+00:00
kyber_1000,FENNECSHAND,Fennec Shand,1,0,0,0,4,0,468,351,60,1,2026-07-31T08:00:34.535980+00:00
kyber_1000,FIFTHBROTHER,Fifth Brother,2,10,9,2,21,14,335,351,188,3,2026-08-01T07:07:47.137585+00:00
kyber_1000,FINN,Finn,0,1,0,0,257,76,393,123,38,0,2026-07-31T20:01:00.956943+00:00
kyber_1000,FIRSTORDEREXECUTIONER,First Order Executioner,0,0,0,0,685,57,70,20,19,0,2026-07-31T13:00:46.188976+00:00
kyber_1000,FIRSTORDEROFFICERMALE,First Order Officer,0,0,0,0,95,227,399,137,47,0,2026-07-31T22:30:42.376697+00:00
kyber_1000,FIRSTORDERSPECIALFORCESPILOT,First Order SF TIE Pilot,0,0,11,0,558,60,159,53,43,0,2026-07-31T13:30:29.570282+00:00
kyber_1000,FIRSTORDERTROOPER,First Order Stormtrooper,0,0,0,1,152,170,339,153,85,1,2026-07-31T22:00:46.622091+00:00
kyber_1000,FIRSTORDERTIEPILOT,First Order TIE Pilot,0,0,165,16,400,73,153,62,20,0,2026-07-31T23:30:45.011722+00:00
kyber_1000,GAMORREANGUARD,Gamorrean Guard,1,0,221,11,242,89,127,92,49,1,2026-07-31T18:30:26.499328+00:00
kyber_1000,GARSAXON,Gar Saxon,5,2,31,3,267,73,240,224,20,2,2026-07-31T16:30:28.445624+00:00
kyber_1000,ZEBS3,"Garazeb ""Zeb"" Orrelios",30,10,224,17,201,171,109,71,14,0,2026-07-31T16:30:50.366749+00:00
kyber_1000,GRIEVOUS,General Grievous,2,1,8,7,6,1,440,347,106,3,2026-07-31T19:01:07.076889+00:00
kyber_1000,GENERALHUX,General Hux,1,0,1,1,18,96,435,260,97,5,2026-07-31T10:00:37.740076+00:00
kyber_1000,GENERALKENOBI,General Kenobi,0,1,5,5,14,4,4,18,838,47,2026-07-31T17:30:57.808142+00:00
kyber_1000,GENERALSKYWALKER,General Skywalker,0,0,0,0,5,1,6,14,843,35,2026-07-31T10:30:09.885508+00:00
kyber_1000,GENERALSYNDULLA,General Syndulla,0,0,2,1,2,23,185,369,294,13,2026-08-01T03:07:45.257101+00:00
kyber_1000,VEERS,General Veers,0,0,101,18,305,128,192,131,7,1,2026-07-31T21:30:41.818081+00:00
kyber_1000,GEONOSIANBROODALPHA,Geonosian Brood Alpha,5,4,50,21,225,200,282,76,32,0,2026-07-31T10:30:33.129405+00:00
kyber_1000,GEONOSIANSOLDIER,Geonosian Soldier,32,5,148,28,199,136,234,50,35,0,2026-07-31T20:00:27.609189+00:00
kyber_1000,GEONOSIANSPY,Geonosian Spy,8,3,104,54,229,110,244,116,23,0,2026-07-31T18:02:15.166624+00:00
kyber_1000,GRANDADMIRALTHRAWN,Grand Admiral Thrawn,1,2,6,0,3,9,718,121,41,2,2026-07-31T16:01:01.983861+00:00
kyber_1000,GRANDINQUISITOR,Grand Inquisitor,1,0,0,0,0,3,121,391,364,13,2026-08-01T07:07:11.101335+00:00
kyber_1000,GRANDMASTERYODA,Grand Master Yoda,1,3,4,9,14,5,11,807,94,1,2026-07-31T22:00:29.840027+00:00
kyber_1000,GRANDMOFFTARKIN,Grand Moff Tarkin,2,2,7,1,12,2,65,74,751,5,2026-07-31T21:30:57.482220+00:00
kyber_1000,GREATMOTHERS,Great Mothers,1,0,0,0,4,1,327,400,151,15,2026-08-01T03:37:31.389460+00:00
kyber_1000,GREEDO,Greedo,0,0,1,3,6,631,102,114,9,0,2026-07-31T23:30:09.591500+00:00
kyber_1000,GREEFKARGA,Greef Karga,3,3,10,4,100,149,557,59,13,0,2026-07-31T09:30:31.670596+00:00
kyber_1000,GOPHERANTS,Grogu & Anzellans,7,33,12,137,61,26,90,42,88,0,2026-08-01T00:00:28.187839+00:00
kyber_1000,BOOMADIER,Gungan Boomadier,0,1,0,0,24,28,257,506,75,4,2026-08-01T04:07:59.416336+00:00
kyber_1000,GUNGANPHALANX,Gungan Phalanx,1,0,1,1,26,37,277,465,85,1,2026-08-01T04:07:48.306009+00:00
kyber_1000,HANSOLO,Han Solo,1,1,0,3,2,6,6,796,100,1,2026-07-31T19:30:49.961078+00:00
kyber_1000,HERASYNDULLAS3,Hera Syndulla,4,5,14,13,116,202,188,374,13,0,2026-07-31T17:00:51.060323+00:00
kyber_1000,HERMITYODA,Hermit Yoda,1,0,9,7,51,180,467,171,35,0,2026-07-31T16:00:30.427528+00:00
kyber_1000,HK47,HK-47,3,2,4,9,7,0,762,68,18,0,2026-07-31T23:00:09.907464+00:00
kyber_1000,HONDO,Hondo Ohnaka,0,0,0,0,6,5,10,2,865,15,2026-08-01T06:38:07.022336+00:00
kyber_1000,HOTHREBELSCOUT,Hoth Rebel Scout,13,6,133,16,312,92,189,36,10,0,2026-07-31T22:30:10.275167+00:00
kyber_1000,HOTHREBELSOLDIER,Hoth Rebel Soldier,108,14,59,8,110,120,47,35,14,0,2026-07-31T20:00:10.290133+00:00
kyber_1000,BADBATCHHUNTER,Hunter,0,0,2,1,396,75,275,94,38,2,2026-07-31T08:31:13.156368+00:00
kyber_1000,HUNTERS3,Hunter (Mercenary),3,1,4,1,43,102,415,218,85,0,2026-08-01T03:07:12.213374+00:00
kyber_1000,HUYANG,Huyang,4,0,0,0,2,1,141,411,307,26,2026-08-01T03:08:04.418616+00:00
kyber_1000,IDENVERSIOEMPIRE,Iden Versio,3,1,7,1,113,19,156,449,135,2,2026-08-01T07:37:27.725490+00:00
kyber_1000,MAGNAGUARD,IG-100 MagnaGuard,0,1,6,3,380,88,235,148,45,0,2026-07-31T19:01:53.490803+00:00
kyber_1000,IG11,IG-11,27,9,54,11,400,72,232,57,11,0,2026-07-31T09:00:13.702208+00:00
kyber_1000,IG12,IG-12 & Grogu,1,0,0,0,2,2,466,185,240,1,2026-08-01T04:37:42.078057+00:00
kyber_1000,IG86SENTINELDROID,IG-86 Sentinel Droid,105,10,292,9,133,86,64,29,5,0,2026-07-31T22:30:46.173446+00:00
kyber_1000,IG88,IG-88,3,7,7,10,189,119,242,116,226,1,2026-07-31T22:00:28.864003+00:00
kyber_1000,IG90,IG-90,1,0,0,2,4,80,391,117,258,4,2026-08-01T01:37:25.290809+00:00
kyber_1000,IMAGUNDI,Ima-Gun Di,34,7,41,6,182,139,48,14,29,0,2026-07-31T22:00:44.665604+00:00
kyber_1000,IMPERIALPROBEDROID,Imperial Probe Droid,20,12,52,45,132,77,320,60,52,1,2026-07-31T13:30:10.168123+00:00
kyber_1000,IMPERIALSUPERCOMMANDO,Imperial Super Commando,3,1,24,0,273,75,231,226,32,2,2026-07-31T16:30:09.635793+00:00
kyber_1000,INQUISITORBARRISS,Inquisitor Barriss,0,3,0,5,8,56,337,257,196,2,2026-08-01T01:01:42.927450+00:00
kyber_1000,JABBATHEHUTT,Jabba the Hutt,0,0,0,0,0,1,20,109,632,129,2026-08-01T06:39:25.140910+00:00
kyber_1000,JANGOFETT,Jango Fett,4,3,8,3,13,3,441,384,78,0,2026-07-31T11:30:38.413228+00:00
kyber_1000,JARJARBINKS,Jar Jar Binks,0,0,1,1,7,40,232,301,300,6,2026-08-01T04:07:45.412547+00:00
kyber_1000,JAWA,Jawa,0,0,329,16,90,115,245,21,6,0,2026-07-31T21:30:09.815321+00:00
kyber_1000,JAWAENGINEER,Jawa Engineer,15,4,151,11,102,162,254,30,5,0,2026-07-31T18:30:41.024473+00:00
kyber_1000,JAWASCAVENGER,Jawa Scavenger,5,1,35,5,42,234,406,93,23,0,2026-07-31T18:01:56.990580+00:00
kyber_1000,JEDIKNIGHTCONSULAR,Jedi Consular,50,14,55,16,189,139,145,76,16,0,2026-07-31T21:00:09.619518+00:00
kyber_1000,ANAKINKNIGHT,Jedi Knight Anakin,3,2,9,1,7,6,405,400,99,4,2026-07-31T21:00:44.183170+00:00
kyber_1000,JEDIKNIGHTCAL,Jedi Knight Cal Kestis,0,1,0,0,1,0,115,402,361,9,2026-08-01T05:08:07.681381+00:00
kyber_1000,JEDIKNIGHTGUARDIAN,Jedi Knight Guardian,91,7,153,4,98,109,106,18,6,0,2026-07-31T21:00:27.903673+00:00
kyber_1000,JEDIKNIGHTLUKE,Jedi Knight Luke Skywalker,0,0,0,1,0,0,140,430,326,5,2026-07-31T09:01:41.283653+00:00
kyber_1000,JEDIKNIGHTREVAN,Jedi Knight Revan,1,2,4,7,14,10,138,426,315,22,2026-07-31T11:30:17.356322+00:00
kyber_1000,JEDIMASTERKENOBI,Jedi Master Kenobi,0,0,1,0,0,0,21,165,602,104,2026-07-31T08:01:14.596965+00:00
kyber_1000,GRANDMASTERLUKE,Jedi Master Luke Skywalker,0,0,1,0,1,0,2,22,440,423,2026-07-31T09:01:00.308254+00:00
kyber_1000,JEDIMASTERMACEWINDU,Jedi Master Mace Windu,0,0,1,0,2,3,55,99,705,4,2026-08-01T02:37:08.553731+00:00
kyber_1000,JOCASTANU,Jocasta Nu,0,1,1,0,0,2,110,356,407,1,2026-08-01T03:07:12.155216+00:00
kyber_1000,JOLEEBINDO,Jolee Bindo,1,1,10,6,25,74,405,283,109,3,2026-07-31T12:00:51.114874+00:00
kyber_1000,JUHANI,Juhani,1,1,4,3,18,150,474,164,75,3,2026-07-31T11:00:37.838789+00:00
kyber_1000,JYNERSO,Jyn Erso,1,0,0,1,24,332,316,107,114,0,2026-07-31T17:30:09.657902+00:00
kyber_1000,K2SO,K-2SO,7,1,26,6,245,118,267,44,156,0,2026-07-31T17:30:26.746490+00:00
kyber_1000,KANANJARRUSS3,Kanan Jarrus,10,4,78,10,149,258,161,184,36,0,2026-07-31T17:00:51.091113+00:00
kyber_1000,KELLERANBEQ,Kelleran Beq,0,3,4,1,2,1,174,418,304,1,2026-08-01T04:37:39.815636+00:00
kyber_1000,KIADIMUNDI,Ki-Adi-Mundi,0,0,0,0,33,29,351,414,56,0,2026-07-31T10:01:02.827952+00:00
kyber_1000,KITFISTO,Kit Fisto,0,3,5,2,298,55,277,178,21,0,2026-07-31T23:00:56.333627+00:00
kyber_1000,KIX,Kix,0,0,1,0,0,64,376,240,193,0,2026-08-01T02:07:45.592418+00:00
kyber_1000,KLEYA,Kleya Marki,2,8,2,19,31,70,291,190,207,33,2026-08-01T01:01:24.879210+00:00
kyber_1000,KRRSANTAN,Krrsantan,1,1,0,0,14,3,53,179,584,70,2026-08-01T06:41:16.578972+00:00
kyber_1000,KUIIL,Kuiil,19,7,34,6,396,106,183,53,11,0,2026-07-31T09:00:41.346697+00:00
kyber_1000,KXSECURITYDROID,KX Security Droid,3,33,6,104,180,94,142,75,168,27,2026-08-01T00:30:30.448603+00:00
kyber_1000,KYLEKATARN,Kyle Katarn,2,0,0,0,36,72,445,286,63,3,2026-08-01T07:38:00.575364+00:00
kyber_1000,KYLOREN,Kylo Ren,2,2,3,1,8,1,794,65,31,0,2026-07-31T22:00:11.140725+00:00
kyber_1000,KYLORENUNMASKED,Kylo Ren (Unmasked),3,2,3,3,9,2,239,316,342,13,2026-07-31T13:30:29.254335+00:00
kyber_1000,L3_37,L3-37,4,4,11,0,165,109,267,262,60,1,2026-07-31T12:30:10.692031+00:00
kyber_1000,ADMINISTRATORLANDO,Lando Calrissian,0,0,2,0,636,61,98,25,12,0,2026-07-31T19:01:34.032729+00:00
kyber_1000,GLLEIA,Leia Organa,0,0,0,0,0,1,2,5,342,543,2026-08-01T05:07:11.354500+00:00
kyber_1000,LOBOT,Lobot,0,0,52,7,30,256,365,107,55,1,2026-07-31T20:31:01.344251+00:00
kyber_1000,LOGRAY,Logray,30,7,146,6,91,67,220,97,2,0,2026-07-31T23:00:09.897063+00:00
kyber_1000,LORDVADER,Lord Vader,0,0,0,0,0,0,0,12,229,647,2026-07-31T08:00:34.857689+00:00
kyber_1000,LUKESKYWALKER,Luke Skywalker (Farmboy),99,17,232,10,105,106,93,20,5,0,2026-07-31T19:30:12.596282+00:00
kyber_1000,LUMINARAUNDULI,Luminara Unduli,1,1,3,0,121,84,419,225,38,0,2026-07-31T22:30:10.288395+00:00
kyber_1000,LUTHENRAEL,Luthen Rael,0,0,1,0,7,25,350,248,177,80,2026-08-01T04:07:11.979467+00:00
kyber_1000,MACEWINDU,Mace Windu,1,3,15,9,28,35,305,320,225,23,2026-07-31T20:30:10.468502+00:00
kyber_1000,MAGMATROOPER,Magmatrooper,11,8,20,4,384,90,174,45,23,1,2026-07-31T19:31:06.482701+00:00
kyber_1000,MAJORPARTAGAZ,Major Partagaz,4,21,3,92,186,111,196,47,161,3,2026-08-01T00:30:45.318467+00:00
kyber_1000,MARAJADE,"Mara Jade, The Emperor's Hand",2,1,2,2,21,62,535,244,49,2,2026-08-01T07:37:42.885362+00:00
kyber_1000,MARROK,Marrok,0,0,0,0,5,1,141,506,239,7,2026-08-01T03:37:15.134921+00:00
kyber_1000,MASTERQUIGON,Master Qui-Gon,1,0,1,0,12,2,14,17,814,48,2026-08-01T04:07:29.994888+00:00
kyber_1000,MAULS7,Maul,0,1,0,0,4,1,67,410,396,13,2026-07-31T08:00:52.274392+00:00
kyber_1000,MAULHATEFUELED,Maul (Hate-Fueled),0,17,0,7,2,1,8,27,317,477,2026-08-01T01:01:52.076929+00:00
kyber_1000,MAZKANATA,Maz Kanata,0,0,0,0,1,5,257,378,229,3,2026-08-01T02:07:46.291245+00:00
kyber_1000,MERRIN,Merrin,14,0,3,3,12,18,613,198,30,3,2026-08-01T05:37:29.782214+00:00
kyber_1000,MISSIONVAO,Mission Vao,3,0,8,4,44,288,378,135,28,0,2026-07-31T12:00:29.745698+00:00
kyber_1000,HUMANTHUG,Mob Enforcer,0,0,196,8,353,68,125,60,9,0,2026-07-31T19:01:33.793876+00:00
kyber_1000,MOFFGIDEONS1,Moff Gideon,1,2,4,1,23,84,275,457,43,1,2026-07-31T09:00:13.720177+00:00
kyber_1000,MONMOTHMA,Mon Mothma,1,0,0,0,298,149,353,53,27,0,2026-07-31T09:01:20.243196+00:00
kyber_1000,MORGANELSBETH,Morgan Elsbeth,0,1,0,0,6,1,264,316,273,36,2026-08-01T03:38:01.497966+00:00
kyber_1000,MOTHERTALZIN,Mother Talzin,2,3,119,13,257,132,275,69,9,0,2026-07-31T14:00:16.929432+00:00
kyber_1000,NIGHTTROOPER,Night Trooper,0,0,0,0,3,3,215,135,529,2,2026-08-01T04:07:12.459250+00:00
kyber_1000,NIGHTSISTERACOLYTE,Nightsister Acolyte,40,5,223,8,174,52,108,71,14,0,2026-07-31T21:00:42.835390+00:00
kyber_1000,NIGHTSISTERINITIATE,Nightsister Initiate,51,11,197,3,124,88,45,86,25,0,2026-07-31T21:30:27.249930+00:00
kyber_1000,NIGHTSISTERSPIRIT,Nightsister Spirit,0,1,8,3,7,13,137,424,210,97,2026-07-31T13:30:50.796421+00:00
kyber_1000,NIGHTSISTERZOMBIE,Nightsister Zombie,2,0,73,6,382,107,193,78,24,0,2026-07-31T13:30:49.131023+00:00
kyber_1000,NINTHSISTER,Ninth Sister,0,6,7,0,28,15,491,205,159,3,2026-08-01T07:37:08.982036+00:00
kyber_1000,NUTEGUNRAY,Nute Gunray,4,1,3,0,2,0,712,158,20,0,2026-07-31T23:00:25.681575+00:00
kyber_1000,OLDBENKENOBI,Obi-Wan Kenobi (Old Ben),5,8,9,2,304,132,317,84,60,1,2026-07-31T22:01:05.313441+00:00
kyber_1000,DAKA,Old Daka,0,0,41,9,214,81,336,132,62,0,2026-07-31T19:30:31.898463+00:00
kyber_1000,BADBATCHOMEGA,Omega,18,1,78,9,194,175,238,84,43,1,2026-07-31T08:00:59.046017+00:00
kyber_1000,OMEGAS3,Omega (Fugitive),5,0,6,3,61,89,395,217,89,5,2026-08-01T03:07:30.322888+00:00
kyber_1000,PADAWANOBIWAN,Padawan Obi-Wan,0,0,1,3,13,4,9,21,787,74,2026-08-01T04:07:31.489772+00:00
kyber_1000,PADAWANSABINE,Padawan Sabine Wren,2,0,2,1,2,4,111,339,414,19,2026-08-01T03:08:15.731733+00:00
kyber_1000,PADMEAMIDALA,Padmé Amidala,1,1,7,4,12,0,4,815,74,1,2026-07-31T10:30:54.292818+00:00
kyber_1000,PAO,Pao,4,3,5,3,399,113,208,50,81,0,2026-07-31T16:30:49.526566+00:00
kyber_1000,PAPLOO,Paploo,50,10,173,9,112,95,203,70,3,0,2026-07-31T23:00:41.753849+00:00
kyber_1000,PAZVIZSLA,Paz Vizsla,0,1,1,1,5,1,405,180,298,12,2026-08-01T04:37:56.474896+00:00
kyber_1000,GLHONDO,Pirate King Hondo Ohnaka,0,0,0,0,0,0,0,0,417,457,2026-08-01T02:07:13.786260+00:00
kyber_1000,PLOKOON,Plo Koon,0,0,6,3,6,0,0,802,79,0,2026-07-31T19:01:51.434841+00:00
kyber_1000,POE,Poe Dameron,0,0,0,0,420,50,322,68,27,0,2026-07-31T23:00:26.639430+00:00
kyber_1000,POGGLETHELESSER,Poggle the Lesser,53,8,194,15,145,115,243,73,7,0,2026-07-31T20:30:46.011536+00:00
kyber_1000,PRINCESSKNEESAA,Princess Kneesaa,0,0,0,0,4,0,704,122,5,0,2026-08-01T05:07:50.582891+00:00
kyber_1000,PRINCESSLEIA,Princess Leia,2,5,107,14,44,206,356,142,21,0,2026-07-31T21:30:09.856715+00:00
kyber_1000,QIRA,Qi'ra,3,0,7,0,292,104,159,279,8,0,2026-07-31T12:30:33.486204+00:00
kyber_1000,QUEENAMIDALA,Queen Amidala,0,0,0,0,4,2,18,81,673,116,2026-08-01T04:08:04.484121+00:00
kyber_1000,QUIGONJINN,Qui-Gon Jinn,1,1,35,5,316,123,278,118,20,0,2026-07-31T19:31:03.817884+00:00
kyber_1000,QUIGGOLD,Quiggold,0,0,1,0,4,7,142,232,452,38,2026-08-01T02:08:02.329764+00:00
kyber_1000,R2D2_LEGENDARY,R2-D2,5,6,4,4,4,1,4,216,638,42,2026-07-31T16:30:09.669751+00:00
kyber_1000,R5D4,R5-D4,9,32,10,154,54,18,50,29,184,0,2026-08-01T00:30:25.959263+00:00
kyber_1000,RANGETROOPER,Range Trooper,2,3,58,14,308,83,222,141,13,1,2026-07-31T12:01:06.369542+00:00
kyber_1000,SCORCH,"RC-1262 ""Scorch""",0,0,0,0,7,0,26,39,784,29,2026-08-01T02:37:23.002697+00:00
kyber_1000,HOTHLEIA,Rebel Officer Leia Organa,0,0,2,4,528,82,118,102,21,0,2026-07-31T16:00:46.913155+00:00
kyber_1000,EPIXFINN,Resistance Hero Finn,0,0,0,1,248,86,386,108,50,0,2026-07-31T10:00:14.243321+00:00
kyber_1000,EPIXPOE,Resistance Hero Poe,0,0,0,0,372,104,309,73,18,0,2026-07-31T10:00:14.217197+00:00
kyber_1000,RESISTANCEPILOT,Resistance Pilot,0,0,314,21,298,61,125,29,15,0,2026-07-31T19:30:32.177536+00:00
kyber_1000,RESISTANCETROOPER,Resistance Trooper,0,0,0,0,569,51,166,45,32,0,2026-07-31T21:30:42.364188+00:00
kyber_1000,GLREY,Rey,0,0,0,0,0,1,3,10,97,777,2026-07-31T09:30:58.641919+00:00
kyber_1000,DARKREY,Rey (Dark Side Vision),0,0,0,0,0,1,26,284,546,28,2026-08-01T03:07:59.299747+00:00
kyber_1000,REYJEDITRAINING,Rey (Jedi Training),0,2,4,2,2,2,717,108,64,0,2026-07-31T13:00:59.748324+00:00
kyber_1000,REY,Rey (Scavenger),0,0,2,1,7,3,18,829,24,2,2026-07-31T21:00:58.589131+00:00
kyber_1000,ROSETICO,Rose Tico,0,0,0,0,368,119,282,73,39,1,2026-07-31T13:00:45.040787+00:00
kyber_1000,RACCOON,Rotta the Hutt,0,89,1,301,108,0,1,10,36,235,2026-08-01T00:30:06.783913+00:00
kyber_1000,ROYALGUARD,Royal Guard,0,1,13,5,29,76,360,232,184,3,2026-07-31T19:02:09.469277+00:00
kyber_1000,SABINEWRENS3,Sabine Wren,8,9,26,11,147,237,235,215,17,0,2026-07-31T16:31:09.205323+00:00
kyber_1000,SANASTARROS,Sana Starros,0,0,0,0,428,78,238,85,18,0,2026-08-01T06:08:02.602102+00:00
kyber_1000,SATELESHAN,Satele Shan,2,0,0,0,0,0,5,37,462,354,2026-08-01T01:02:00.909685+00:00
kyber_1000,SAVAGEOPRESS,Savage Opress,0,1,1,0,22,48,475,282,62,2,2026-07-31T21:30:57.118592+00:00
kyber_1000,SAWGERRERA,Saw Gerrera,2,1,1,1,10,32,581,216,46,7,2026-08-01T05:37:13.716075+00:00
kyber_1000,SCARIFREBEL,Scarif Rebel Pathfinder,24,3,80,17,356,97,125,82,61,0,2026-07-31T18:01:12.175176+00:00
kyber_1000,SCOUTTROOPER_V3,Scout Trooper,1,0,0,0,0,1,314,550,25,1,2026-08-01T05:07:33.308122+00:00
kyber_1000,SECONDSISTER,Second Sister,1,1,1,0,176,87,428,180,29,1,2026-08-01T07:37:16.850775+00:00
kyber_1000,SEVENTHSISTER,Seventh Sister,0,6,3,2,13,11,268,423,198,2,2026-08-01T07:08:06.973438+00:00
kyber_1000,SHAAKTI,Shaak Ti,0,1,2,5,12,6,485,316,98,0,2026-07-31T10:30:41.291951+00:00
kyber_1000,SHINHATI,Shin Hati,0,1,0,0,1,0,132,539,208,13,2026-08-01T03:37:27.003720+00:00
kyber_1000,SHORETROOPER,Shoretrooper,6,5,42,4,277,84,268,149,28,1,2026-07-31T18:01:12.150737+00:00
kyber_1000,SITHASSASSIN,Sith Assassin,0,0,0,0,118,29,138,159,438,1,2026-07-31T17:01:30.932320+00:00
kyber_1000,SITHTROOPER,Sith Empire Trooper,0,0,1,0,7,1,604,136,141,0,2026-07-31T17:01:30.686179+00:00
kyber_1000,SITHPALPATINE,Sith Eternal Emperor,0,1,0,0,1,2,19,139,601,136,2026-07-31T09:00:40.994306+00:00
kyber_1000,SITHMARAUDER,Sith Marauder,0,0,1,0,3,0,471,260,151,18,2026-07-31T13:00:29.700149+00:00
kyber_1000,FOSITHTROOPER,Sith Trooper,0,0,2,0,14,8,350,317,208,15,2026-07-31T10:00:37.280835+00:00
kyber_1000,UNDERCOVERLANDO,Skiff Guard (Lando Calrissian),0,0,0,2,39,52,298,433,73,1,2026-08-01T06:40:37.201181+00:00
kyber_1000,SM33,SM-33,0,0,0,0,0,3,26,145,669,26,2026-08-01T02:37:23.675595+00:00
kyber_1000,SNOWTROOPER,Snowtrooper,22,7,55,10,305,106,155,103,21,1,2026-07-31T22:30:26.959414+00:00
kyber_1000,REMNANTSNOWCOMMANDER,Snowtrooper Commander,5,44,11,125,61,27,75,50,103,6,2026-08-01T00:00:24.428003+00:00
kyber_1000,STAP,STAP,7,2,20,0,155,84,308,263,20,0,2026-08-01T04:37:10.089287+00:00
kyber_1000,STARKILLER,Starkiller,0,1,0,2,1,1,10,115,546,218,2026-08-01T07:37:32.449339+00:00
kyber_1000,STORMTROOPER,Stormtrooper,7,2,56,3,296,58,217,177,36,2,2026-07-31T20:00:10.448459+00:00
kyber_1000,STORMTROOPERHAN,Stormtrooper Han,6,5,22,4,81,202,367,125,51,3,2026-07-31T23:31:00.923919+00:00
kyber_1000,STORMTROOPERLUKE,Stormtrooper Luke,2,1,0,5,4,163,395,105,186,1,2026-08-01T01:37:25.290164+00:00
kyber_1000,SUNFAC,Sun Fac,20,5,142,32,199,128,257,85,23,0,2026-07-31T23:30:09.565208+00:00
kyber_1000,SUPREMELEADERKYLOREN,Supreme Leader Kylo Ren,0,0,0,0,1,0,3,39,441,411,2026-07-31T09:31:17.229195+00:00
kyber_1000,T3_M4,T3-M4,23,5,131,9,343,128,166,35,21,1,2026-07-31T12:00:48.255578+00:00
kyber_1000,TALIA,Talia,44,8,179,8,158,155,114,31,25,0,2026-07-31T23:30:27.952114+00:00
kyber_1000,TARFFUL,Tarfful,3,3,12,2,43,89,538,121,25,0,2026-08-01T05:37:13.731396+00:00
kyber_1000,TARONMALICOS,Taron Malicos,0,0,0,0,0,2,22,316,452,93,2026-08-01T05:07:51.849309+00:00
kyber_1000,BADBATCHTECH,Tech,0,0,0,2,379,80,273,105,45,1,2026-07-31T08:31:13.223326+00:00
kyber_1000,TEEBO,Teebo,83,11,149,7,80,95,167,35,3,0,2026-07-31T22:30:57.841130+00:00
kyber_1000,VANGUARDTEMPLEGUARD,Temple Guard,0,0,0,0,11,11,106,122,636,1,2026-08-01T02:37:08.973382+00:00
kyber_1000,ARMORER,The Armorer,5,0,14,6,223,163,296,104,49,0,2026-07-31T08:31:53.184926+00:00
kyber_1000,THEMANDALORIAN,The Mandalorian,4,6,9,8,76,160,278,108,28,255,2026-07-31T09:30:59.777869+00:00
kyber_1000,THEMANDALORIANBESKARARMOR,The Mandalorian (Beskar Armor),2,1,2,2,5,4,162,373,330,32,2026-07-31T08:31:56.424798+00:00
kyber_1000,STRANGER,The Stranger,0,0,0,0,0,0,7,77,613,176,2026-08-01T01:37:50.403609+00:00
kyber_1000,THIRDSISTER,Third Sister,0,0,0,0,0,0,59,282,528,15,2026-08-01T06:08:01.732986+00:00
kyber_1000,C3POCHEWBACCA,Threepio & Chewie,1,1,2,2,10,2,692,164,33,1,2026-07-31T09:01:24.478805+00:00
kyber_1000,TIEFIGHTERPILOT,TIE Fighter Pilot,0,0,0,0,411,53,237,142,16,1,2026-07-31T17:30:59.188555+00:00
kyber_1000,TUSKENCHIEFTAIN,Tusken Chieftain,3,0,19,4,292,102,322,114,10,0,2026-08-01T06:07:11.118583+00:00
kyber_1000,TUSKENRAIDER,Tusken Raider,0,0,0,0,353,84,279,134,15,1,2026-07-31T19:30:49.827263+00:00
kyber_1000,TUSKENSHAMAN,Tusken Shaman,8,3,73,10,375,70,211,48,36,0,2026-07-31T18:30:42.230681+00:00
kyber_1000,TUSKENHUNTRESS,Tusken Warrior,1,0,13,3,199,113,339,177,22,0,2026-08-01T05:37:45.166529+00:00
kyber_1000,UGNAUGHT,Ugnaught,0,0,3,2,14,203,241,54,8,306,2026-07-31T20:00:29.350012+00:00
kyber_1000,URORRURRR,URoRRuR'R'R,0,0,0,147,371,51,227,65,7,0,2026-07-31T21:30:26.009040+00:00
kyber_1000,YOUNGCHEWBACCA,Vandor Chewbacca,15,1,40,4,227,90,321,61,80,2,2026-07-31T12:30:46.840967+00:00
kyber_1000,VANE,Vane,0,1,0,0,0,0,11,23,600,240,2026-08-01T02:07:29.877562+00:00
kyber_1000,VEL,Vel Sartha,4,16,0,33,65,110,279,105,199,32,2026-08-01T01:01:12.686544+00:00
kyber_1000,SMUGGLERCHEWBACCA,Veteran Smuggler Chewbacca,0,0,13,2,6,5,757,61,21,0,2026-07-31T16:00:10.708507+00:00
kyber_1000,SMUGGLERHAN,Veteran Smuggler Han Solo,0,1,329,13,254,139,89,19,4,0,2026-07-31T16:00:10.687540+00:00
kyber_1000,VISASMARR,Visas Marr,0,1,2,1,36,98,509,193,48,1,2026-07-31T12:31:06.420623+00:00
kyber_1000,WAMPA,Wampa,1,1,14,7,41,31,359,331,117,10,2026-07-31T13:30:10.201729+00:00
kyber_1000,WATTAMBOR,Wat Tambor,0,1,2,2,0,0,746,118,30,0,2026-07-31T10:30:15.231472+00:00
kyber_1000,WEDGEANTILLES,Wedge Antilles,0,0,305,18,219,113,168,55,9,0,2026-07-31T18:30:26.539769+00:00
kyber_1000,WICKET,Wicket,2,4,395,9,112,46,182,57,22,0,2026-07-31T21:00:28.091029+00:00
kyber_1000,BADBATCHWRECKER,Wrecker,0,1,0,2,391,77,254,111,37,1,2026-07-31T08:30:44.931538+00:00
kyber_1000,WRECKERS3,Wrecker (Mercenary),4,0,10,1,39,74,291,178,200,73,2026-08-01T02:38:01.218398+00:00
kyber_1000,YODACHEWBACCA,Yoda & Chewie,1,0,0,3,8,164,399,78,181,1,2026-08-01T01:37:09.211697+00:00
kyber_1000,YOUNGHAN,Young Han Solo,10,3,8,2,372,191,115,11,69,0,2026-07-31T12:30:49.380969+00:00
kyber_1000,YOUNGLANDO,Young Lando Calrissian,21,3,32,3,96,439,159,34,13,0,2026-07-31T12:30:10.679814+00:00
kyber_1000,ZAALBAR,Zaalbar,2,2,13,3,32,86,411,202,126,14,2026-07-31T12:00:32.827072+00:00
kyber_1000,ZAMWESELL,Zam Wesell,0,1,1,2,0,0,715,141,21,0,2026-07-31T18:02:15.210667+00:00
kyber_1000,RANGERZEB,Zeb Orrelios (New Republic Pilot),8,34,13,155,61,27,71,39,123,10,2026-08-01T00:30:18.764722+00:00
kyber_1000,ZORIIBLISS_V2,Zorii Bliss,3,0,12,3,195,56,480,105,28,0,2026-08-01T06:07:30.814598+00:00
kyber_1000,ZUCKUSS,Zuckuss,4,4,10,8,21,74,321,102,289,2,2026-08-01T01:37:38.403799+00:00
