BaseID,Name,combat_type,alignment,role,categories,ability_classes,image,ship,era,unit_relic_all,unit_relic_guilds_100,unit_relic_kyber_1000
4LOM,4-LOM,1,Dark Side,Support,Leader|Bounty Hunter|Droid|Scoundrel,Bonus Turn|Counter|Reduce Cooldowns|Vulnerable|AoE|Assist|Defense Down|Reset Cooldown|Dispel|Shock|Stun|+Speed|Gain Turn Meter|+Tenacity|Ability Block|Stealth|Accuracy Down,https://game-assets.swgoh.gg/textures/tex.charui_4lom.png,,Deadly Pursuits,5,7,7
50RT,50R-T,1,Light Side,Support,Leader|Droid|Old Republic,Defense Down|Remove Turn Meter|Gain Turn Meter|Damage Immunity|+Defense|Health Steal Up|Counter|Foresight|Defense Up|Dispel|+Speed|Instant Defeat Immunity|Revive|Advantage|AoE|Target Lock|+Max Health|Tenacity Up|Protection Up|Speed Down|Speed Up|+Critical|Offense Up|Stealth,https://game-assets.swgoh.gg/textures/tex.charui_50rt.png,,Legacy,5,7,7
AAYLASECURA,Aayla Secura,1,Light Side,Support,Leader|Galactic Republic|Jedi|Jedi Vanguard|Order 66 Raid,Counter|+Max Health|AoE|Assist|Defense Down|Dispel|Stun|Relic Scaling|Gain Turn Meter|+Tenacity,https://game-assets.swgoh.gg/textures/tex.charui_aaylasecura.png,,Legacy,4,8,8
ADMINISTRATORLANDO,Lando Calrissian,1,Light Side,Attacker,Leader|Rebel|Rebel Fighter|Scoundrel,Reset Cooldown|AoE|Critical Chance Up|+Speed,https://game-assets.swgoh.gg/textures/tex.charui_landobespin.png,,Legacy,5,5,5
ADMIRALACKBAR,Admiral Ackbar,1,Light Side,Support,Leader|Rebel|Fleet Commander,Tenacity Up|Assist|Heal|Dispel|+Speed|Gain Turn Meter|+Tenacity,https://game-assets.swgoh.gg/textures/tex.charui_ackbaradmiral.png,CAPITALMONCALAMARICRUISER,Legacy,3,6,7
ADMIRALPIETT,Admiral Piett,1,Dark Side,Support,Leader|Empire|Imperial Trooper|Fleet Commander,Counter|Fear|Defense Up|AoE|Assist|Dispel|+Speed|Daze|Gain Turn Meter|+Tenacity|Marked|Offense Up|Stealth|+Defense,https://game-assets.swgoh.gg/textures/tex.charui_piett.png,CAPITALEXECUTOR,Legacy,8,9,9
ADMIRALRADDUS,Admiral Raddus,1,Light Side,Support,Leader|Rebel|Rogue One|Fleet Commander,Bonus Turn|Heal|Critical Chance Up|Gain Turn Meter|+Tenacity|Critical Damage Up|+Defense|Counter|Defense Up|Taunt|Dispel|Potency Up|+Speed|Revive|Anti-Revive|Protection Disruption|Reduce Cooldowns|AoE|Assist|Expose|Healing Immunity|Daze|Health Up|Protection Up|+Critical|Offense Up,https://game-assets.swgoh.gg/textures/tex.charui_admiralraddus.png,CAPITALPROFUNDITY,Legacy,9,9,9
AHSOKATANO,Ahsoka Tano (Snips),1,Light Side,Attacker,Leader|501st|Galactic Republic|Jedi,Counter|Critical Hit Immunity|Foresight|Protection Up|Assist|Heal|+Evasion|Dispel|+Speed|Gain Turn Meter,https://game-assets.swgoh.gg/textures/tex.charui_ahsoka.png,JEDISTARFIGHTERAHSOKATANO,Legacy,5,9,9
AMILYNHOLDO,Amilyn Holdo,1,Light Side,Tank,Resistance|Fleet Commander,Foresight|AoE|Defense Down|Taunt|Dispel|+Speed|Daze|Evasion Down,https://game-assets.swgoh.gg/textures/tex.charui_holdo.png,CAPITALRADDUS,Legacy,5,5,6
ANAKINKNIGHT,Jedi Knight Anakin,1,Light Side,Attacker,Leader|Galactic Republic|Jedi,Bonus Turn|AoE|Healing Immunity|Protection Up|Dispel|Critical Chance Up|Buff Immunity|Offense Up|Advantage,https://game-assets.swgoh.gg/textures/tex.charui_anakinknight.png,JEDISTARFIGHTERANAKIN,Legacy,7,7,8
APPO,"CC-1119 ""Appo""",1,Dark Side,Attacker,Clone Trooper|Empire|Order 66 Raid,Remove Turn Meter|Gain Turn Meter|Critical Damage Up|Counter|Foresight|Deathmark|Dispel|+Speed|Defense Penetration Up|Revive|Advantage|Summon|AoE|Assist|Expose|Disarm|Damage Over Time|Stun|Stealth,https://game-assets.swgoh.gg/textures/tex.charui_appo.png,,Revenge of the Sith,5,9,9
ARCTROOPER501ST,ARC Trooper,1,Light Side,Attacker,501st|Clone Trooper|Galactic Republic,Counter|Summon|Assist|Dispel|Revive,https://game-assets.swgoh.gg/textures/tex.charui_trooperclone_arc.png,,Legacy,8,8,8
ARMORER,The Armorer,1,Light Side,Support,Leader|Mandalorian,Counter|Critical Hit Immunity|Protection Up|Assist|Dispel|Armor Shred,https://game-assets.swgoh.gg/textures/tex.charui_armorer.png,,Legacy,5,6,7
ASAJJDARKDISCIPLE,Asajj Ventress (Dark Disciple),1,Dark Side,Attacker,Leader|Bounty Hunter|Nightsister|Unaligned Force User,Bonus Turn|Vulnerable|Critical Chance Up|Gain Turn Meter|Damage Immunity|+Defense|Counter|Momentum|Dispel|Potency Up|Defense Penetration Up|Armor Shred|Retribution|Revive|Protection Disruption|AoE|Assist|Daze|Ability Block|Tenacity Down|Bonus Attack|Stun|Evasion Down|Retaliate|+Critical|Offense Up,https://game-assets.swgoh.gg/textures/tex.charui_asajjdarkdisciple.png,,Anniversary,6,7,8
ASAJVENTRESS,Asajj Ventress,1,Dark Side,Support,Leader|Nightsister|Separatist|Unaligned Force User,Counter|AoE|Healing Immunity|Defense Down|Remove Turn Meter|Reset Cooldown|Dispel|Stun|+Speed|Gain Turn Meter,https://game-assets.swgoh.gg/textures/tex.charui_ventress.png,,Legacy,5,6,7
AURRA_SING,Aurra Sing,1,Dark Side,Attacker,Leader|Bounty Hunter|Mercenary|Scoundrel,Bonus Turn|Counter|Reset Cooldown|Critical Chance Up|Stun|Gain Turn Meter|Offense Up|Stealth,https://game-assets.swgoh.gg/textures/tex.charui_aurrasing.png,,Legacy,6,6,6
B1BATTLEDROIDV2,B1 Battle Droid,1,Dark Side,Attacker,Droid|Separatist,Damage Over Time|AoE|Assist|Target Lock|Dispel|Gain Turn Meter|Revive,https://game-assets.swgoh.gg/textures/tex.charui_b1.png,,Legacy,5,5,6
B2SUPERBATTLEDROID,B2 Super Battle Droid,1,Dark Side,Tank,Droid|Separatist,Reduce Cooldowns|AoE|Critical Damage Down|Target Lock|Dispel|Gain Turn Meter|Dispel - All Enemies|Buff Immunity,https://game-assets.swgoh.gg/textures/tex.charui_b2.png,,Legacy,4,6,7
BADBATCHECHO,Echo,1,Light Side,Support,Bad Batch|Clone Trooper|Galactic Republic,Reduce Cooldowns|Defense Up|AoE|Assist|Expose|Healing Immunity|Dispel|Daze|Gain Turn Meter|Buff Immunity|Evasion Up,https://game-assets.swgoh.gg/textures/tex.charui_bb_echo.png,,Legacy,5,6,7
BADBATCHHUNTER,Hunter,1,Light Side,Attacker,Leader|Bad Batch|Clone Trooper|Galactic Republic,Counter|+Max Health|Bonus Attack|Defense Up|AoE|Expose|Remove Turn Meter|Target Lock|+Evasion|Taunt|Critical Chance Up|Stun|Gain Turn Meter|Evasion Up|Offense Up|Stealth|+Defense,https://game-assets.swgoh.gg/textures/tex.charui_bb_hunter.png,MARAUDER,Legacy,5,5,6
BADBATCHOMEGA,Omega,1,Light Side,Attacker,Bad Batch|Clone Trooper,Counter|Defense Up|Expose|Blind|Assist|Protection Up|Remove Turn Meter|Dispel|Critical Chance Up|Target Lock|+Speed|Daze|Defense Penetration Up|Gain Turn Meter|Taunt|Evasion Up|Stealth|Protection Over Time,https://game-assets.swgoh.gg/textures/tex.charui_badbatchomega.png,,Legacy,5,5,6
BADBATCHTECH,Tech,1,Light Side,Support,Bad Batch|Clone Trooper|Galactic Republic,Reduce Cooldowns|Bonus Attack|Foresight|Tenacity Up|AoE|Reset Cooldown|Target Lock|Dispel|Potency Up|+Speed|Daze|Stun|Stealth,https://game-assets.swgoh.gg/textures/tex.charui_bb_tech.png,MARAUDER,Legacy,5,5,6
BADBATCHWRECKER,Wrecker,1,Light Side,Tank,Bad Batch|Clone Trooper|Galactic Republic,Tenacity Up|Bonus Attack|Defense Up|AoE|Target Lock|Taunt|Dispel|Speed Down|Stun|Gain Turn Meter|Stealth,https://game-assets.swgoh.gg/textures/tex.charui_bb_wrecker.png,MARAUDER,Legacy,5,5,6
BARRISSOFFEE,Barriss Offee,1,Light Side,Healer,Leader|Galactic Republic|Jedi|Jedi Vanguard|Order 66 Raid,+Max Health|Defense Up|Heal|Healing Immunity|Remove Turn Meter|Dispel|Gain Turn Meter|Healing,https://game-assets.swgoh.gg/textures/tex.charui_barriss_light.png,,Legacy,5,7,8
BASTILASHAN,Bastila Shan,1,Light Side,Support,Leader|Jedi|Old Republic,Counter|Protection Up|Assist|Taunt|Dispel|Critical Chance Up|Stun|Gain Turn Meter|+Tenacity|Ability Block|Buff Immunity|Retribution|Accuracy Up|Advantage,https://game-assets.swgoh.gg/textures/tex.charui_bastilashan.png,,Legacy,6,7,7
BASTILASHANDARK,Bastila Shan (Fallen),1,Dark Side,Support,Sith|Sith Empire,Counter|Reduce Cooldowns|Fear|Foresight|Offense Down|AoE|Expose|Critical Damage Down|Stagger|Deathmark|Dispel|Shock|Evasion Down|Gain Turn Meter|Speed Down|Ability Block|Marked|Advantage,https://game-assets.swgoh.gg/textures/tex.charui_bastilashan_dark.png,,Legacy,5,7,7
BATCHERS3,Batcher,1,Light Side,Attacker,Bad Batch|Order 66 Raid,Counter|Offense Down|AoE|Assist|Defense Down|Taunt|Dispel|+Speed|Ability Block|Marked|Off Balance|Speed Up|Stealth,https://game-assets.swgoh.gg/textures/tex.charui_batcher.png,,the Cavalry,5,7,7
BAYLANSKOLL,Baylan Skoll,1,Dark Side,Tank,Leader|Mercenary|Unaligned Force User,Bonus Turn|Defense Down|Soldier of Fortune|Gain Turn Meter|+Tenacity|+Defense|Health Steal Up|Counter|Foresight|Blind|Stagger|Taunt|Dispel|Potency Up|+Speed|Armor Shred|Doubt|Buff Immunity|Retribution|Revive|Anti-Revive|Reduce Cooldowns|Offense Down|AoE|Assist|Expose|Healing Immunity|+Evasion|Daze|Purge|Instant Defeat|Tenacity Up|Fear|Protection Up|Stun|Ransom|Speed Up|Offense Up,https://game-assets.swgoh.gg/textures/tex.charui_baylanskoll.png,,Legacy,7,8,9
BAZEMALBUS,Baze Malbus,1,Light Side,Tank,Rebel|Rebel Fighter|Rogue One,Counter|AoE|Assist|Taunt|Dispel|Speed Down|Gain Turn Meter|Retribution,https://game-assets.swgoh.gg/textures/tex.charui_bazemalbus.png,,Legacy,5,6,7
BB8,BB-8,1,Light Side,Support,Droid|Resistance,Counter|Foresight|AoE|Assist|Expose|Offense Up|Dispel|Critical Chance Up|Taunt|Daze|Gain Turn Meter|Speed Up|Critical Damage Up|Advantage|Tenacity Down,https://game-assets.swgoh.gg/textures/tex.charui_bb8.png,,Legacy,7,7,7
BENSOLO,Ben Solo,1,Light Side,Attacker,Unaligned Force User,Counter|Offense Down|AoE|Blind|Defense Down|Healing Immunity|Remove Turn Meter|Dispel|Potency Down|Speed Down|+Speed|Armor Shred|Gain Turn Meter|Taunt|Instant Defeat Immunity|Offense Up|Revive,https://game-assets.swgoh.gg/textures/tex.charui_bensolo.png,,Conquest,7,8,9
BIGGSDARKLIGHTER,Biggs Darklighter,1,Light Side,Support,Rebel|Rebel Fighter,Assist|Critical Chance Up|Gain Turn Meter|Evasion Up|Critical Damage Up,https://game-assets.swgoh.gg/textures/tex.charui_rebelpilot_biggs.png,XWINGRED3,Legacy,3,5,5
BISHOP,Colonel Ward,1,Light Side,Support,New Republic,Counter|Burning|AoE|Assist|Defense Down|Critical Damage Down|Expose|Dispel|Healing Immunity|Taunt|Evasion Down|Retaliate|Ability Block|Marked|Critical Damage Up|Stealth,https://game-assets.swgoh.gg/textures/tex.charui_colonelward.png,,New Republic,4,4,5
BISTAN,Bistan,1,Light Side,Attacker,Rebel|Rebel Fighter|Rogue One,Remove Turn Meter|Damage Over Time|Frenzy|Gain Turn Meter,https://game-assets.swgoh.gg/textures/tex.charui_bistan.png,UWINGSCARIF,Legacy,5,5,5
BOBAFETT,Boba Fett,1,Dark Side,Attacker,Leader|Bounty Hunter|Hutt Cartel|Scoundrel,Bonus Turn|+Max Health|Counter|Bonus Attack|Damage Over Time|Reduce Cooldowns|AoE|Healing Immunity|Thermal Detonator|Taunt|Dispel|+Speed|Gain Turn Meter|+Tenacity|Ability Block|+Critical|Revive|Anti-Revive,https://game-assets.swgoh.gg/textures/tex.charui_bobafett.png,SLAVE1,Legacy,8,8,8
BOBAFETTSCION,"Boba Fett, Scion of Jango",1,Dark Side,Attacker,Leader|Bounty Hunter|Mercenary|Scoundrel,Gain Turn Meter|+Tenacity|Counter|Momentum|Taunt|Dispel|+Speed|Armor Shred|Protection Disruption|AoE|Potency Down|Ability Block|Tenacity Down|+Max Health|Damage Over Time|Tenacity Up|Protection Up|Stun|Breach,https://game-assets.swgoh.gg/textures/tex.charui_bobafettold.png,,Conquest,6,7,8
BODHIROOK,Bodhi Rook,1,Light Side,Support,Rebel|Rebel Fighter|Rogue One,AoE|Assist|Remove Turn Meter|Potency Up|Evasion Down|Gain Turn Meter|Offense Up,https://game-assets.swgoh.gg/textures/tex.charui_bodhi.png,ROGUEONESHIP,Legacy,5,5,5
BOKATAN,Bo-Katan Kryze,1,Light Side,Attacker,Leader|Mandalorian|Scoundrel,Counter|Tenacity Up|Vulnerable|Defense Up|AoE|Assist|Taunt|Dispel|Daze|+Tenacity|+Defense,https://game-assets.swgoh.gg/textures/tex.charui_bokatan.png,,Legacy,5,7,7
BOOMADIER,Gungan Boomadier,1,Light Side,Attacker,Gungan,Defense Down|Remove Turn Meter|Frenzy|Gain Turn Meter|Counter|Dispel|Retribution|Accuracy Up|Revive|Anti-Revive|Protection Disruption|Offense Down|AoE|Healing Immunity|Target Lock|Shock|Ability Block|Speed Down|Speed Up,https://game-assets.swgoh.gg/textures/tex.charui_gunganboomadier.png,,Legacy,5,8,8
BOSSK,Bossk,1,Dark Side,Tank,Leader|Bounty Hunter|Scoundrel,Reduce Cooldowns|Assist|Taunt|Dispel|Frenzy|Stun|+Speed|+Tenacity|Offense Up|+Defense,https://game-assets.swgoh.gg/textures/tex.charui_bossk.png,HOUNDSTOOTH,Legacy,5,8,8
BOSSNASS,Boss Nass,1,Light Side,Support,Leader|Gungan,Bonus Turn|Vulnerable|Defense Down|Remove Turn Meter|Gain Turn Meter|Critical Damage Up|Protection Over Time|Counter|Taunt|Dispel|+Speed|Retribution|Revive|Offense Down|AoE|Assist|Expose|Healing Immunity|Daze|Damage Over Time|Speed Down|Stun|Speed Up,https://game-assets.swgoh.gg/textures/tex.charui_bossnass.png,,Legacy,5,7,8
BOUSHH,Boushh (Leia Organa),1,Light Side,Attacker,Leader|Bounty Hunter|Hutt Cartel|Scoundrel,Counter|+Max Health|Bonus Attack|Fear|AoE|Assist|Defense Down|Reset Cooldown|Dispel|Stun|+Speed|Gain Turn Meter|+Tenacity|Ability Block|Thermal Detonator|Revive|Anti-Revive,https://game-assets.swgoh.gg/textures/tex.charui_boushh.png,,Legacy,5,8,9
BRUTUS,Brutus,1,Dark Side,Attacker,Pirate|Scoundrel|Order 66 Raid,Bonus Turn|Critical Chance Down|Gain Turn Meter|Counter|Dispel|Potency Up|+Speed|Defense Penetration Up|Profit|Retribution|Advantage|Reduce Cooldowns|AoE|Assist|Accuracy Down|Fear|Reset Cooldown|Breach|Speed Up|Offense Up,https://game-assets.swgoh.gg/textures/tex.charui_brutus.png,,Piracy,7,9,9
BT1,BT-1,1,Dark Side,Attacker,Droid|Scoundrel,Bonus Turn|Burning|Damage Over Time|AoE|Assist|Expose|Target Lock|+Speed|Gain Turn Meter|Ability Block,https://game-assets.swgoh.gg/textures/tex.charui_bt1.png,,Legacy,5,7,8
C3POCHEWBACCA,Threepio & Chewie,1,Light Side,Attacker,Droid|Rebel|Wookiee,Counter|AoE|Blind|Assist|Dispel|Evasion Down|Revive|Advantage,https://game-assets.swgoh.gg/textures/tex.charui_chewbacca_c3po.png,,Legacy,7,7,7
C3POLEGENDARY,C-3PO,1,Light Side,Support,Droid|Galactic Republic|New Republic|Rebel|Resistance,Bonus Turn|Counter|Reduce Cooldowns|Offense Down|Expose|Assist|Defense Down|Protection Up|Reset Cooldown|Potency Up|+Speed|Gain Turn Meter|Stealth,https://game-assets.swgoh.gg/textures/tex.charui_c3p0.png,,Legacy,7,7,7
CADBANE,Cad Bane,1,Dark Side,Support,Leader|Bounty Hunter|Hutt Cartel|Mercenary|Scoundrel,Reduce Cooldowns|Bonus Attack|AoE|Remove Turn Meter|Dispel|Stun|Gain Turn Meter|+Tenacity|Thermal Detonator|Advantage|Accuracy Down,https://game-assets.swgoh.gg/textures/tex.charui_cadbane.png,XANADUBLOOD,Legacy,5,7,7
CALKESTIS,Cal Kestis,1,Light Side,Support,Unaligned Force User,Critical Chance Down|Defense Down|Gain Turn Meter|Critical Damage Up|Health Steal Up|Counter|Critical Hit Immunity|Foresight|Defense Up|Dispel|Buff Immunity|Accuracy Up|AoE|Daze|Ability Block|Tenacity Down|Bonus Attack|Protection Up|Reset Cooldown|Speed Down|Evasion Down|Stun|Speed Up,https://game-assets.swgoh.gg/textures/tex.charui_calkestis.png,,Legacy,5,7,8
CANDEROUSORDO,Canderous Ordo,1,Dark Side,Attacker,Mandalorian|Mercenary|Old Republic|Scoundrel,Damage Over Time|Bonus Attack|Offense Down|AoE|Taunt|Deathmark|Critical Chance Up|Gain Turn Meter|Marked|Critical Damage Up|Tenacity Down,https://game-assets.swgoh.gg/textures/tex.charui_canderous.png,,Legacy,5,6,7
CAPTAINDROGAN,Captain Drogan,1,Light Side,Attacker,New Republic|Rebel|Rebel Fighter,Counter|Burning|Offense Down|Protection Up|Assist|Remove Turn Meter|Dispel|Stun|Gain Turn Meter|Ability Block,https://game-assets.swgoh.gg/textures/tex.charui_captaindrogan.png,BWINGREBEL,Legacy,7,9,9
CAPTAINENOCH,Captain Enoch,1,Dark Side,Support,Leader|Imperial Remnant,Counter|+Max Health|Critical Avoidance Up|AoE|Assist|Healing Immunity|Protection Up|Remove Turn Meter|Dispel|Taunt|+Speed|Gain Turn Meter|+Tenacity|Blight|Critical Damage Up|Advantage|Decay,https://game-assets.swgoh.gg/textures/tex.charui_captainenoch.png,,Legacy,7,9,9
CAPTAINREX,Captain Rex,1,Light Side,Support,Clone Trooper|Phoenix|Rebel|Rebel Fighter,Counter|Damage Over Time|Tenacity Up|Offense Down|AoE|Assist|Heal|Reset Cooldown|Dispel|Critical Chance Up|Stun|+Speed|Armor Shred|Daze|Gain Turn Meter|Ability Block|Offense Up|Tenacity Down,https://game-assets.swgoh.gg/textures/tex.charui_captainrex.png,,Legacy,7,7,7
CAPTAINSILVO,Captain Silvo,1,Dark Side,Support,Leader|Pirate|Scoundrel|Unaligned Force User|Order 66 Raid,Remove Turn Meter|Frenzy|Gain Turn Meter|Evasion Up|Health Steal Down|+Defense|Protection Over Time|Health Steal Up|Counter|Heal Over Time|Stagger|+Speed|Profit|Revive|AoE|Assist|Expose|+Evasion|Alert|Shield Up|Protection Up|Reset Cooldown|Evasion Down|Speed Up|Stealth,https://game-assets.swgoh.gg/textures/tex.charui_captainsilvo.png,,Piracy,7,8,8
CAPTAINTARPALS,Captain Tarpals,1,Light Side,Attacker,Gungan,Bonus Turn|Remove Turn Meter|Gain Turn Meter|Critical Damage Up|Counter|Defense Up|Stagger|Taunt|Dispel|Marked|Buff Immunity|Advantage|AoE|Assist|Shock|Daze|Reset Cooldown|Stun|Offense Up,https://game-assets.swgoh.gg/textures/tex.charui_captaintarpals.png,,Legacy,5,8,8
CARADUNE,Cara Dune,1,Light Side,Tank,Constable|Mercenary|New Republic|Rebel|Rebel Fighter|Scoundrel,Critical Hit Immunity|AoE|Remove Turn Meter|Taunt|Potency Up|Stun|Gain Turn Meter|Revive|Stealth,https://game-assets.swgoh.gg/textures/tex.charui_caradune.png,,Legacy,5,6,7
CARSONTEVA,Captain Carson Teva,1,Light Side,Attacker,Leader|Constable|New Republic|Rebel,Critical Chance Down|Defense Down|Damage Immunity|+Defense|Counter|Foresight|Deathmark|Dispel|+Speed|Defense Penetration Up|Retribution|Advantage|Offense Down|AoE|Assist|Expose|Healing Immunity|Potency Down|Daze|Accuracy Down|+Max Health|Bonus Attack|Reset Cooldown|Speed Down,https://game-assets.swgoh.gg/textures/tex.charui_carsonteva.png,,New Republic,4,4,6
CARTHONASI,Carth Onasi,1,Light Side,Attacker,Leader|Old Republic,Counter|+Max Health|Damage Over Time|AoE|Assist|Reset Cooldown|Gain Turn Meter|+Tenacity|Offense Up|+Defense,https://game-assets.swgoh.gg/textures/tex.charui_carth.png,EBONHAWK,Legacy,5,5,6
CASSIANANDOR,Cassian Andor,1,Light Side,Support,Rebel|Rebel Fighter|Rogue One,Bonus Turn|Counter|Tenacity Up|Offense Down|Defense Up|Expose|Assist|Defense Down|Healing Immunity|Protection Up|Potency Up|Speed Down|Gain Turn Meter|Ability Block|Buff Immunity,https://game-assets.swgoh.gg/textures/tex.charui_cassian.png,UWINGROGUEONE,Legacy,8,8,8
CASSIANUNDERCOVER,Cassian Andor (Undercover),1,Light Side,Support,Leader|Rebel|Rebel Fighter,Vulnerable|Remove Turn Meter|Gain Turn Meter|+Tenacity|Damage Immunity|+Defense|Counter|Critical Hit Immunity|Blind|Dispel|+Speed|Instant Defeat Immunity|AoE|Assist|Healing Immunity|+Max Health|Fear|Reset Cooldown|Speed Down|Undermine,https://game-assets.swgoh.gg/textures/tex.charui_cassianundercover.png,,Andor,2,4,4
CC2224,"CC-2224 ""Cody""",1,Light Side,Attacker,Leader|Clone Trooper|Galactic Republic,Assist|Stun|Gain Turn Meter|+Critical|+Defense,https://game-assets.swgoh.gg/textures/tex.charui_trooperclone_cody.png,,Legacy,5,5,5
CEREJUNDA,Cere Junda,1,Light Side,Support,Leader|Scoundrel|Unaligned Force User,Counter|+Max Health|Tenacity Up|Foresight|Defense Up|Protection Up|Dispel|Defense Penetration Up|Daze|Gain Turn Meter|+Tenacity|Ability Block|+Critical|Accuracy Up|Advantage|Damage Immunity|+Defense,https://game-assets.swgoh.gg/textures/tex.charui_cerejunda.png,,Legacy,7,7,7
CHEWBACCALEGENDARY,Chewbacca,1,Light Side,Attacker,Rebel|Scoundrel|Smuggler|Wookiee,AoE|Assist|Reset Cooldown|Dispel|Critical Chance Up|Stun|Daze|Ability Block|Offense Up|Tenacity Down,https://game-assets.swgoh.gg/textures/tex.charui_chewbacca_ot.png,MILLENNIUMFALCON,Legacy,6,7,8
CHIEFCHIRPA,Chief Chirpa,1,Light Side,Support,Leader|Ewok,Counter|Heal|Assist|+Speed|Gain Turn Meter|Speed Up|Retribution|Heal Over Time,https://game-assets.swgoh.gg/textures/tex.charui_ewok_chirpa.png,,Legacy,3,5,5
CHIEFNEBIT,Chief Nebit,1,Light Side,Tank,Leader|Jawa,Critical Chance Down|Thermal Detonator|Protection Up|Assist|Taunt|Dispel|Gain Turn Meter|+Critical|Stealth|Heal Over Time,https://game-assets.swgoh.gg/textures/tex.charui_jawa_nebit.png,,Legacy,3,6,7
CHIRRUTIMWE,Chirrut Îmwe,1,Light Side,Attacker,Rebel|Rebel Fighter|Rogue One,Counter|Tenacity Up|Assist|Dispel|Heal Over Time,https://game-assets.swgoh.gg/textures/tex.charui_chirrut.png,,Legacy,5,6,7
CHOPPERS3,Chopper,1,Light Side,Support,Droid|New Republic|Phoenix|Rebel|Spectre,Reduce Cooldowns|Defense Up|AoE|Assist|Protection Up|Taunt|Dispel|Stun|Speed Up|Offense Up,https://game-assets.swgoh.gg/textures/tex.charui_chopper.png,PHANTOM2,Legacy,3,6,6
CINTA,Cinta Kaz,1,Light Side,Attacker,Rebel|Rebel Fighter,AoE|Assist|Defense Down|Expose|Healing Immunity|Deathmark|Dispel|Resilient Defense|Breach|+Speed|Gain Turn Meter|Undermine|Ability Block|Marked|Speed Up|Stealth,https://game-assets.swgoh.gg/textures/tex.charui_cinta.png,,Andor,2,6,7
CLONESERGEANTPHASEI,Clone Sergeant - Phase I,1,Light Side,Attacker,Clone Trooper|Galactic Republic,Remove Turn Meter|Offense Up|AoE|Gain Turn Meter,https://game-assets.swgoh.gg/textures/tex.charui_trooperclonegreen.png,ARC170CLONESERGEANT,Legacy,5,5,5
CLONEWARSCHEWBACCA,Clone Wars Chewbacca,1,Light Side,Tank,Leader|Galactic Republic|Scoundrel|Wookiee,Health Up|Defense Up|Remove Turn Meter|Taunt|Dispel|Gain Turn Meter|+Defense,https://game-assets.swgoh.gg/textures/tex.charui_chewbacca.png,,Legacy,9,9,9
COBBVANTH,Cobb Vanth,1,Light Side,Attacker,Leader|Constable,Bonus Turn|Vulnerable|Defense Down|Remove Turn Meter|Gain Turn Meter|+Defense|Counter|Momentum|Defense Up|Taunt|Dispel|+Speed|Defense Penetration Up|Buff Immunity|Thermal Detonator|Retribution|Revive|Offense Down|AoE|Assist|Expose|Ability Block|Instant Defeat|Alert|+Max Health|Burning|Damage Over Time|Tenacity Up|Protection Up|Reset Cooldown|Stun|Speed Up|Offense Up|Stealth,https://game-assets.swgoh.gg/textures/tex.charui_cobbvanth.png,,Conquest,7,7,8
COLONELSTARCK,Colonel Starck,1,Dark Side,Support,Empire|Imperial Trooper,AoE|Defense Down|Remove Turn Meter|Stagger|Dispel|Critical Chance Up|Gain Turn Meter|Critical Damage Up,https://game-assets.swgoh.gg/textures/tex.charui_colonel_stark.png,,Legacy,3,5,5
COMMANDERAHSOKA,Commander Ahsoka Tano,1,Light Side,Attacker,Galactic Republic|Scoundrel|Unaligned Force User,Counter|Assist|Dispel|Armor Shred|Gain Turn Meter|Instant Defeat|Evasion Up|Critical Damage Up|Advantage,https://game-assets.swgoh.gg/textures/tex.charui_commanderahsokatano.png,,Conquest,9,9,9
COMMANDERLUKESKYWALKER,Commander Luke Skywalker,1,Light Side,Attacker,Leader|Rebel|Unaligned Force User,Counter|Defense Down|Remove Turn Meter|Taunt|Dispel|Speed Down|Stun|Gain Turn Meter|Buff Immunity|Tenacity Down|+Defense,https://game-assets.swgoh.gg/textures/tex.charui_lukebespin.png,,Legacy,7,7,7
CORUSCANTUNDERWORLDPOLICE,Coruscant Underworld Police,1,Light Side,Support,Constable|Galactic Republic,Offense Down|Stun|AoE|Gain Turn Meter,https://game-assets.swgoh.gg/textures/tex.charui_coruscantpolice.png,,Legacy,9,9,9
COUNTDOOKU,Count Dooku,1,Dark Side,Attacker,Leader|Separatist|Sith,Counter|Bonus Attack|Critical Hit Immunity|Healing Immunity|Dispel|Shock|Stun|Daze|Gain Turn Meter|+Tenacity|Ability Block|Riposte|Tenacity Down|Stealth,https://game-assets.swgoh.gg/textures/tex.charui_dooku.png,,Legacy,8,8,8
CROSSHAIRS3,Crosshair (Scarred),1,Light Side,Attacker,Bad Batch|Order 66 Raid,Bonus Turn|Counter|Expose|Assist|Defense Down|Remove Turn Meter|Dispel|Stun|Armor Shred|Gain Turn Meter|Marked,https://game-assets.swgoh.gg/textures/tex.charui_crosshair_scarred.png,,the Cavalry,5,7,7
CT210408,"CT-21-0408 ""Echo""",1,Light Side,Support,501st|Clone Trooper|Galactic Republic,AoE|Assist|Taunt|Dispel|Stun|Critical Damage Up,https://game-assets.swgoh.gg/textures/tex.charui_trooperclone_echo.png,,Legacy,7,7,7
CT5555,"CT-5555 ""Fives""",1,Light Side,Tank,Leader|501st|Clone Trooper|Galactic Republic,Counter|Bonus Attack|Assist|Taunt|Speed Down|+Speed|Gain Turn Meter|Revive|+Defense|Protection Over Time|Anti-Revive,https://game-assets.swgoh.gg/textures/tex.charui_trooperclone_fives.png,UMBARANSTARFIGHTER,Legacy,6,7,8
CT7567,"CT-7567 ""Rex""",1,Light Side,Support,Leader|501st|Clone Trooper|Galactic Republic,Counter|+Max Health|Reduce Cooldowns|Critical Hit Immunity|Tenacity Up|Remove Turn Meter|Dispel|Potency Up|+Speed|Gain Turn Meter,https://game-assets.swgoh.gg/textures/tex.charui_trooperclone_rex.png,ARC170REX,Legacy,7,7,7
DAKA,Old Daka,1,Dark Side,Healer,Leader|Nightsister,Counter|Defense Up|Heal|Stun|Gain Turn Meter|Offense Up|Revive|+Defense,https://game-assets.swgoh.gg/textures/tex.charui_daka.png,,Legacy,4,6,7
DARKREY,Rey (Dark Side Vision),1,Dark Side,Attacker,First Order|Sith,Bonus Turn|Remove Turn Meter|Gain Turn Meter|Counter|Taunt|Dispel|+Speed|Retribution|Revive|Advantage|Anti-Revive|AoE|Assist|Shock|Shield Up|Bonus Attack|Fear|Protection Up|Reset Cooldown|Retaliate|Speed Up|Stealth,https://game-assets.swgoh.gg/textures/tex.charui_darkrey.png,,Conquest,7,8,9
DARKTROOPER,Dark Trooper,1,Dark Side,Attacker,Droid|Empire|Imperial Remnant|Imperial Trooper,AoE|Dispel|Gain Turn Meter|Offense Up|Advantage|Revive|Anti-Revive,https://game-assets.swgoh.gg/textures/tex.charui_darktrooper.png,,Legacy,5,7,7
DARTHBANE,Darth Bane,1,Dark Side,Attacker,Leader|Sith,Bonus Turn|Remove Turn Meter|Gain Turn Meter|Evasion Up|+Defense|Health Steal Up|Counter|Defense Up|Taunt|Dispel|+Speed|Defense Penetration Up|Revive|Anti-Revive|Reduce Cooldowns|AoE|Healing Immunity|+Evasion|Daze|Ability Block|+Max Health|Health Up|Reset Cooldown|Stun|Speed Up|Offense Up,https://game-assets.swgoh.gg/textures/tex.charui_darthbane.png,,Conquest,7,9,10
DARTHJARJAR,Darth Jar Jar,1,Dark Side,Support,Leader|Gungan|Sith,Bonus Turn|Heal|Frenzy|Plasma Residue|Damage Immunity|+Defense|Counter|Foresight|Defense Up|Blind|Taunt|Deathmark|Dispel|+Speed|Marked|AoE|Healing Immunity|Shock|Daze|Ability Block|Tenacity Down|+Max Health|Fear|Stun|Speed Up|Stealth,https://game-assets.swgoh.gg/textures/tex.charui_darthjarjar.png,,Myths & Legends,,,
DARTHMALAK,Darth Malak,1,Dark Side,Tank,Sith|Sith Empire,Bonus Turn|Damage Over Time|Counter|Fear|Healing Immunity|Reset Cooldown|Taunt|Dispel|Shock|Stun|Gain Turn Meter|Tenacity Down,https://game-assets.swgoh.gg/textures/tex.charui_darthmalak.png,,Legacy,8,9,9
DARTHMALGUS,Darth Malgus,1,Dark Side,Tank,Leader|Sith|Sith Empire,Bonus Turn|Critical Chance Up|Gain Turn Meter|+Tenacity|Critical Damage Up|Counter|Blind|Taunt|Dispel|+Speed|Doubt|Reduce Cooldowns|AoE|Expose|Healing Immunity|Shock|Ability Block|+Max Health|Bonus Attack|Fear|Protection Up|Stun|+Critical,https://game-assets.swgoh.gg/textures/tex.charui_darthmalgus.png,FURYCLASSINTERCEPTOR,Conquest,7,9,9
DARTHNIHILUS,Darth Nihilus,1,Dark Side,Support,Leader|Sith,Counter|+Max Health|Damage Over Time|Reduce Cooldowns|AoE|Dispel|Gain Turn Meter|Instant Defeat|Revive|Anti-Revive,https://game-assets.swgoh.gg/textures/tex.charui_nihilus.png,,Legacy,5,7,7
DARTHREVAN,Darth Revan,1,Dark Side,Attacker,Leader|Sith|Sith Empire|Fleet Commander,Reduce Cooldowns|Bonus Attack|Fear|Foresight|AoE|Assist|Deathmark|Dispel|Shock|+Speed|Gain Turn Meter|Stun|Ability Block|Buff Immunity|+Critical,https://game-assets.swgoh.gg/textures/tex.charui_sithrevan.png,CAPITALLEVIATHAN,Legacy,7,10,10
DARTHSIDIOUS,Darth Sidious,1,Dark Side,Attacker,Leader|Sith,Counter|Damage Over Time|AoE|Expose|Healing Immunity|+Speed|Gain Turn Meter|+Critical,https://game-assets.swgoh.gg/textures/tex.charui_sidious.png,,Legacy,7,7,7
DARTHSION,Darth Sion,1,Dark Side,Tank,Sith,AoE|Taunt|Dispel|Gain Turn Meter|Revive,https://game-assets.swgoh.gg/textures/tex.charui_sion.png,,Legacy,5,6,7
DARTHTALON,Darth Talon,1,Dark Side,Attacker,Sith,Counter|AoE|Taunt|Dispel|Frenzy|+Speed|Gain Turn Meter|Ability Block|Buff Immunity|Retribution|Stealth,https://game-assets.swgoh.gg/textures/tex.charui_darthtalon.png,,Legacy,5,6,7
DARTHTRAYA,Darth Traya,1,Dark Side,Support,Leader|Sith,Counter|+Max Health|Reduce Cooldowns|Protection Up|Healing Immunity|Reset Cooldown|Dispel|Daze|Ability Block|Critical Damage Up|Tenacity Down|Health Steal Up,https://game-assets.swgoh.gg/textures/tex.charui_traya.png,,Legacy,5,7,7
DASHRENDAR,Dash Rendar,1,Light Side,Support,Leader|Mercenary|Scoundrel|Smuggler,+Max Health|Prepared|AoE|Assist|Defense Down|Critical Damage Down|Offense Up|Dispel|Stun|+Speed|Daze|Gain Turn Meter|Critical Damage Up|Stealth,https://game-assets.swgoh.gg/textures/tex.charui_dashrendar.png,OUTRIDER,Legacy,7,7,7
DATHCHA,Dathcha,1,Light Side,Support,Leader|Jawa,AoE|Defense Down|Remove Turn Meter|Stun|Ability Block|Stealth|+Defense,https://game-assets.swgoh.gg/textures/tex.charui_jawa_dathcha.png,,Legacy,3,5,6
DEATHTROOPER,Death Trooper,1,Dark Side,Attacker,Empire|Imperial Remnant|Imperial Trooper,Bonus Attack|AoE|Healing Immunity|Deathmark|Dispel|Stun|Daze|Gain Turn Meter|Revive|Anti-Revive,https://game-assets.swgoh.gg/textures/tex.charui_trooperdeath.png,TIEREAPER,Legacy,5,7,7
DEATHTROOPERPERIDEA,Death Trooper (Peridea),1,Dark Side,Attacker,Imperial Remnant|Nightsister,Bonus Turn|Remove Turn Meter|Critical Chance Up|Gain Turn Meter|Blight|Counter|Dispel|+Speed|Armor Shred|Offense Down|AoE|Shock|Daze|Instant Defeat|Tenacity Down|Damage Over Time|Reset Cooldown|Speed Down|Stun|Speed Up|Offense Up,https://game-assets.swgoh.gg/textures/tex.charui_deathtrooperperidea.png,,Legacy,7,9,9
DEDRAMEERO,Dedra Meero,1,Dark Side,Support,Empire|ISB,Bonus Turn|Torture|Gain Turn Meter|Health Steal Up|Counter|Foresight|Taunt|Dispel|Potency Up|Retribution|AoE|Assist|Expose|Tenacity Up|Protection Up|Retaliate|Undermine|Speed Up|Offense Up,https://game-assets.swgoh.gg/textures/tex.charui_dedrameero.png,,Andor,2,6,7
DENGAR,Dengar,1,Dark Side,Attacker,Leader|Bounty Hunter|Mercenary|Scoundrel,Counter|Damage Over Time|Tenacity Up|AoE|Assist|Speed Down|+Speed|Gain Turn Meter|Stun|Tenacity Down|Thermal Detonator|Stealth,https://game-assets.swgoh.gg/textures/tex.charui_dengar.png,PUNISHINGONE,Legacy,5,7,8
DEPABILLABA,Depa Billaba,1,Light Side,Attacker,Galactic Republic|Jedi|Jedi Vanguard|Order 66 Raid,Vulnerable|Remove Turn Meter|Gain Turn Meter|Critical Damage Up|Damage Immunity|Health Steal Up|Counter|Foresight|Dispel|+Speed|Defense Penetration Up|Revive|Advantage|Anti-Revive|AoE|Assist|Healing Immunity|Protection Up|Speed Up,https://game-assets.swgoh.gg/textures/tex.charui_depabillaba.png,,Revenge of the Sith,5,9,9
DIRECTORKRENNIC,Director Krennic,1,Dark Side,Support,Leader|Empire|ISB,Counter|Vulnerable|AoE|Blind|Assist|Expose|Stagger|Dispel|Target Lock|Speed Down|Stun|Taunt|Ability Block|Buff Immunity|Speed Up|+Critical|Revive|Tenacity Down,https://game-assets.swgoh.gg/textures/tex.charui_krennic.png,,Legacy,4,5,6
DISGUISEDCLONETROOPER,Disguised Clone Trooper,1,Dark Side,Support,Clone Trooper|Empire|Order 66 Raid,Bonus Turn|Counter|Damage Over Time|Tenacity Up|Offense Down|AoE|Healing Immunity|Dispel|Stun|Relic Scaling|Ability Block|Retribution|Advantage|Stealth,https://game-assets.swgoh.gg/textures/tex.charui_disguisedclonetrooper.png,,Revenge of the Sith,5,9,9
DOCTORAPHRA,Doctor Aphra,1,Dark Side,Support,Leader|Mercenary|Scoundrel,Gain Turn Meter|+Tenacity|Critical Damage Up|Damage Immunity|Counter|Stagger|Potency Up|+Speed|Armor Shred|Doubt|Buff Immunity|Revive|Reduce Cooldowns|Summon|AoE|Assist|Expose|Healing Immunity|Target Lock|Ability Block|Accuracy Down|+Max Health|Damage Over Time|Protection Up|Speed Down|Breach|Stun|Offense Up,https://game-assets.swgoh.gg/textures/tex.charui_doctoraphra.png,,Legacy,6,7,7
DROIDEKA,Droideka,1,Dark Side,Attacker,Droid|Separatist,Counter|Tenacity Up|Assist|Heal|Target Lock|Dispel|Stun|+Speed|Daze|Gain Turn Meter|Marked|Revive|Damage Immunity,https://game-assets.swgoh.gg/textures/tex.charui_droideka.png,,Legacy,4,5,6
EETHKOTH,Eeth Koth,1,Light Side,Support,Leader|Galactic Republic|Jedi|Jedi Vanguard|Order 66 Raid,Defense Down|Stun|Ability Block|Anti-Droid|+Defense,https://game-assets.swgoh.gg/textures/tex.charui_eethkoth.png,,Legacy,5,5,5
EIGHTHBROTHER,Eighth Brother,1,Dark Side,Attacker,Leader|Empire|Inquisitorius|Unaligned Force User,Vulnerable|Gain Turn Meter|Counter|Critical Hit Immunity|Foresight|Blind|Taunt|Dispel|Potency Up|Armor Shred|Buff Immunity|Accuracy Up|AoE|Healing Immunity|Purge|Ability Block|Accuracy Down|+Max Health|Burning|Speed Down|Stealth,https://game-assets.swgoh.gg/textures/tex.charui_eighthbrother.png,,Legacy,5,7,8
EMBO,Embo,1,Dark Side,Attacker,Leader|Bounty Hunter|Hutt Cartel|Mercenary|Scoundrel,Bonus Turn|Counter|Foresight|Dispel|Gain Turn Meter|Offense Up,https://game-assets.swgoh.gg/textures/tex.charui_embo.png,,Legacy,5,7,7
EMPERORPALPATINE,Emperor Palpatine,1,Dark Side,Support,Leader|Empire|Sith,Bonus Turn|+Max Health|Counter|AoE|+Evasion|Dispel|Shock|Stun|Gain Turn Meter|Offense Up|Health Steal Up,https://game-assets.swgoh.gg/textures/tex.charui_palpatineemperor.png,EMPERORSSHUTTLE,Legacy,7,7,7
ENFYSNEST,Enfys Nest,1,Light Side,Attacker,Pirate|Scoundrel|Smuggler|Order 66 Raid,Counter|Stealth|Tenacity Up|Foresight|AoE|Expose|Remove Turn Meter|Reset Cooldown|Taunt|Dispel|Stun|Profit|Daze|Gain Turn Meter|Buff Immunity|Damage Immunity|Heal Over Time,https://game-assets.swgoh.gg/textures/tex.charui_enfys.png,,Legacy,5,5,7
EPIXFINN,Resistance Hero Finn,1,Light Side,Attacker,Resistance,Counter|Critical Hit Immunity|AoE|Assist|Taunt|Dispel|Gain Turn Meter|Inspired,https://game-assets.swgoh.gg/textures/tex.charui_finn.png,,Legacy,5,5,7
EPIXPOE,Resistance Hero Poe,1,Light Side,Attacker,Resistance,Damage Over Time|Vulnerable|Stagger|Dispel|Stun|Daze|Inspired|Buff Immunity,https://game-assets.swgoh.gg/textures/tex.charui_poe_tros.png,,Legacy,5,5,6
EWOKELDER,Ewok Elder,1,Light Side,Healer,Ewok,Heal|Assist|Dispel|Gain Turn Meter|Revive,https://game-assets.swgoh.gg/textures/tex.charui_ewok_chief.png,,Legacy,4,5,6
EWOKSCOUT,Ewok Scout,1,Light Side,Attacker,Ewok,Remove Turn Meter|Gain Turn Meter|Assist,https://game-assets.swgoh.gg/textures/tex.charui_ewok_scout.png,,Legacy,8,8,9
EZRABRIDGERS3,Ezra Bridger,1,Light Side,Attacker,Jedi|Phoenix|Rebel,Counter|Bonus Attack|Defense Up|Protection Up|Assist|Reset Cooldown|Dispel|Gain Turn Meter,https://game-assets.swgoh.gg/textures/tex.charui_ezra_s3.png,PHANTOM2,Legacy,3,6,7
EZRAEXILE,Ezra Bridger (Exile),1,Light Side,Support,Jedi|Spectre,Bonus Turn|Heal|Health Steal Up|Foresight|Defense Up|Blind|Stagger|Dispel|+Speed|Buff Immunity|Instant Defeat Immunity|Offense Down|AoE|Assist|Healing Immunity|Resilient Defense|Ability Block|Tenacity Up|Bonus Attack|Protection Up|Speed Down|Stun|Riposte,https://game-assets.swgoh.gg/textures/tex.charui_ezraexile.png,,Conquest,7,9,10
FENNECSHAND,Fennec Shand,1,Dark Side,Attacker,Leader|Bounty Hunter|Mercenary|Scoundrel,Counter|+Max Health|Tenacity Up|Taunt|Dispel|Armor Shred|Gain Turn Meter|Offense Up|+Defense,https://game-assets.swgoh.gg/textures/tex.charui_fennec.png,,Legacy,7,7,7
FIFTHBROTHER,Fifth Brother,1,Dark Side,Support,Leader|Empire|Inquisitorius|Unaligned Force User,Bonus Turn|Vulnerable|Provoked|Defense Down|Remove Turn Meter|Gain Turn Meter|Damage Immunity|+Defense|Counter|Dispel|Potency Up|+Speed|Retribution|AoE|Expose|Purge|Tenacity Down|+Max Health|Fear|Protection Up|Stun|Breach,https://game-assets.swgoh.gg/textures/tex.charui_fifthbrother.png,SCYTHE,Legacy,5,8,8
FINN,Finn,1,Light Side,Tank,Leader|Resistance,Counter|+Max Health|Defense Up|Expose|Protection Up|Taunt|Dispel|Stun|+Speed|Gain Turn Meter|Retribution|Revive|Advantage|+Defense,https://game-assets.swgoh.gg/textures/tex.charui_finnjakku.png,MILLENNIUMFALCONEP7,Legacy,5,5,7
FIRSTORDEREXECUTIONER,First Order Executioner,1,Dark Side,Attacker,First Order,Counter|Health Up|Remove Turn Meter|Reset Cooldown|Dispel|Gain Turn Meter|Advantage,https://game-assets.swgoh.gg/textures/tex.charui_firstorder_executioner.png,,Legacy,5,5,5
FIRSTORDEROFFICERMALE,First Order Officer,1,Dark Side,Support,First Order,Tenacity Up|Remove Turn Meter|Dispel|Gain Turn Meter|Offense Up|Advantage,https://game-assets.swgoh.gg/textures/tex.charui_firstorderofficer.png,FIRSTORDERTIEECHELON,Legacy,5,6,7
FIRSTORDERSPECIALFORCESPILOT,First Order SF TIE Pilot,1,Dark Side,Attacker,First Order,AoE|Assist|Defense Down|Stun|Speed Up|Advantage,https://game-assets.swgoh.gg/textures/tex.charui_firstorder_pilot.png,TIEFIGHTERFOSF,Legacy,5,5,5
FIRSTORDERTIEPILOT,First Order TIE Pilot,1,Dark Side,Attacker,First Order,Bonus Turn|Counter|Bonus Attack|Foresight|Offense Down|+Speed|Gain Turn Meter|Buff Immunity|Advantage,https://game-assets.swgoh.gg/textures/tex.charui_firstordertiepilot.png,TIEFIGHTERFIRSTORDER,Legacy,5,5,5
FIRSTORDERTROOPER,First Order Stormtrooper,1,Dark Side,Tank,First Order,Counter|Defense Up|Assist|Taunt|Dispel|Speed Down|Gain Turn Meter|Advantage,https://game-assets.swgoh.gg/textures/tex.charui_firstordertrooper.png,COMMANDSHUTTLE,Legacy,5,5,7
FOSITHTROOPER,Sith Trooper,1,Dark Side,Attacker,First Order|Sith,Bonus Turn|Critical Hit Immunity|AoE|Assist|Reset Cooldown|Dispel|Stun|Advantage,https://game-assets.swgoh.gg/textures/tex.charui_firstorder_sithtrooper.png,TIEDAGGER,Legacy,6,7,8
FULCRUMAHSOKA,Ahsoka Tano (Fulcrum),1,Light Side,Attacker,Rebel|Spectre|Unaligned Force User,Counter|Damage Over Time|Foresight|Protection Up|Taunt|Dispel|+Speed|Gain Turn Meter|Retribution|Revive|Anti-Revive,https://game-assets.swgoh.gg/textures/tex.charui_ahsokaadult.png,,Legacy,6,9,9
GAMORREANGUARD,Gamorrean Guard,1,Dark Side,Tank,Hutt Cartel|Scoundrel,Counter|Damage Over Time|Defense Up|Expose|Assist|Protection Up|Remove Turn Meter|Taunt|Dispel|Thermal Detonator|Retribution|Damage Immunity,https://game-assets.swgoh.gg/textures/tex.charui_gamorreanguard.png,,Legacy,3,5,5
GARSAXON,Gar Saxon,1,Dark Side,Tank,Leader|Empire|Mandalorian,Counter|Reduce Cooldowns|AoE|Assist|Speed Down|+Defense,https://game-assets.swgoh.gg/textures/tex.charui_gar_saxon.png,GAUNTLETSTARFIGHTER,Legacy,5,5,7
GENERALHUX,General Hux,1,Dark Side,Support,Leader|First Order|Fleet Commander,Bonus Turn|Counter|AoE|Assist|Reset Cooldown|Dispel|Gain Turn Meter|Advantage,https://game-assets.swgoh.gg/textures/tex.charui_generalhux.png,CAPITALFINALIZER,Legacy,5,7,7
GENERALKENOBI,General Kenobi,1,Light Side,Tank,Leader|Galactic Republic|Jedi|Fleet Commander,Counter|+Max Health|Critical Hit Immunity|Foresight|Protection Up|Assist|Taunt|Dispel|Gain Turn Meter|Retribution|Offense Up|Advantage|Stealth|+Defense,https://game-assets.swgoh.gg/textures/tex.charui_obiwangeneral.png,CAPITALNEGOTIATOR,Legacy,8,9,9
GENERALSKYWALKER,General Skywalker,1,Light Side,Attacker,Leader|501st|Galactic Republic|Jedi,Bonus Turn|Counter|Reduce Cooldowns|AoE|Remove Turn Meter|Reset Cooldown|Taunt|Dispel|+Speed|Armor Shred|Daze|Gain Turn Meter|Revive|Anti-Revive,https://game-assets.swgoh.gg/textures/tex.charui_generalanakin.png,,Legacy,8,9,9
GENERALSYNDULLA,General Syndulla,1,Light Side,Support,Leader|New Republic|Spectre,Bonus Turn|Remove Turn Meter|Gain Turn Meter|Critical Damage Up|Damage Immunity|+Defense|Counter|Defense Up|Blind|Taunt|Dispel|+Speed|Fracture|Perfect Defense|Buff Immunity|AoE|Assist|Healing Immunity|Off Balance|+Max Health|Damage Over Time|Tenacity Up|Protection Up|Stun|Speed Up,https://game-assets.swgoh.gg/textures/tex.charui_generalsyndulla.png,,Apprentices,5,8,8
GEONOSIANBROODALPHA,Geonosian Brood Alpha,1,Dark Side,Support,Leader|Geonosian|Separatist,Counter|+Max Health|Summon|AoE|Assist|Expose|Remove Turn Meter|Offense Up|Dispel|Taunt|Gain Turn Meter|Critical Damage Up|Revive,https://game-assets.swgoh.gg/textures/tex.charui_geonosian_broodalpha.png,,Legacy,4,6,6
GEONOSIANSOLDIER,Geonosian Soldier,1,Dark Side,Attacker,Geonosian|Separatist,Tenacity Down|Gain Turn Meter|Assist,https://game-assets.swgoh.gg/textures/tex.charui_geonosian_soldier.png,GEONOSIANSTARFIGHTER2,Legacy,3,5,6
GEONOSIANSPY,Geonosian Spy,1,Dark Side,Attacker,Geonosian|Separatist,Counter|AoE|Expose|Dispel|Critical Chance Up|Potency Up|Evasion Down|Gain Turn Meter|Stealth,https://game-assets.swgoh.gg/textures/tex.charui_geonosian_spy.png,GEONOSIANSTARFIGHTER3,Legacy,3,5,6
GLAHSOKATANO,Ahsoka Tano,1,Light Side,Tank,Leader|Galactic Legend|Spectre|Unaligned Force User,Bonus Turn|Remove Turn Meter|Gain Turn Meter|Damage Immunity|+Defense|Counter|Defense Up|Blind|Taunt|Dispel|+Speed|Armor Shred|Doubt|Perfect Defense|Relic Scaling|AoE|Resilient Defense|Daze|Ability Block|Off Balance|+Max Health|Tenacity Up|Protection Up|Reset Cooldown|Deflective Ward|Stun|Stealth,https://game-assets.swgoh.gg/textures/tex.charui_ahsokatanogray.png,,Apprentices,9,10,10
GLHONDO,Pirate King Hondo Ohnaka,1,Dark Side,Support,Galactic Legend|Leader|Pirate|Scoundrel|Smuggler|Order 66 Raid,Bonus Turn|Remove Turn Meter|Gain Turn Meter|+Tenacity|Critical Damage Up|+Defense|Counter|Defense Up|Taunt|Dispel|+Speed|Profit|Relic Scaling|Revive|Reduce Cooldowns|AoE|Assist|Healing Immunity|Shock|Daze|Off Balance|+Max Health|Fear|Reset Cooldown|Stun|Speed Up|Offense Up|Stealth,https://game-assets.swgoh.gg/textures/tex.charui_glhondo.png,,Piracy,9,9,10
GLLEIA,Leia Organa,1,Light Side,Tank,Galactic Legend|Leader|Rebel,Bonus Turn|Critical Chance Down|Vulnerable|Defense Down|Remove Turn Meter|Gain Turn Meter|Damage Immunity|+Defense|Counter|Foresight|Stagger|Taunt|Dispel|+Speed|Fracture|Relic Scaling|Buff Immunity|Retribution|Revive|AoE|Assist|Expose|Potency Down|Daze|Plague|Tenacity Down|+Max Health|Burning|Fear|Tenacity Up|Protection Up|Critical Damage Down|Stun|Healing|Stealth,https://game-assets.swgoh.gg/textures/tex.charui_leiaendor.png,,Legacy,9,9,10
GLREY,Rey,1,Light Side,Attacker,Leader|Resistance|Galactic Legend|Unaligned Force User,Bonus Turn|+Max Health|Counter|Critical Hit Immunity|AoE|Dispel|Stun|+Speed|Gain Turn Meter|Inspired|Relic Scaling|Revive|Damage Immunity|Anti-Revive,https://game-assets.swgoh.gg/textures/tex.charui_rey_tros.png,,Legacy,8,10,10
GOPHERANTS,Grogu & Anzellans,1,Light Side,Healer,Mandalorian|New Republic|Unaligned Force User,Counter|Reduce Cooldowns|Tenacity Up|Defense Up|AoE|Deflective Ward|Taunt|Dispel|Stun|+Speed|Daze|Retaliate|Ability Block|Off Balance|Speed Up|Retribution|Stealth|Heal Over Time,https://game-assets.swgoh.gg/textures/tex.charui_groguanz.png,,New Republic,4,4,5
GRANDADMIRALTHRAWN,Grand Admiral Thrawn,1,Dark Side,Support,Leader|Empire|Fleet Commander,Bonus Turn|Counter|Defense Down|Remove Turn Meter|Dispel|Speed Down|+Speed|Fracture|Gain Turn Meter|Stun|Ability Block|Speed Up,https://game-assets.swgoh.gg/textures/tex.charui_thrawn.png,CAPITALCHIMAERA,Legacy,7,7,7
GRANDINQUISITOR,Grand Inquisitor,1,Dark Side,Attacker,Leader|Empire|Inquisitorius|Unaligned Force User,Bonus Turn|Vulnerable|Remove Turn Meter|Torture|Gain Turn Meter|Critical Damage Up|+Defense|Counter|Foresight|Taunt|Dispel|+Speed|Defense Penetration Up|Buff Immunity|Revive|Advantage|Anti-Revive|AoE|Purge|Ability Block|Instant Defeat|+Max Health|Tenacity Up|Bonus Attack|Protection Up|Reset Cooldown|Speed Up|Offense Up,https://game-assets.swgoh.gg/textures/tex.charui_grandinquisitor.png,SCYTHE,Legacy,7,8,8
GRANDMASTERLUKE,Jedi Master Luke Skywalker,1,Light Side,Tank,Galactic Legend|Leader|Jedi,Remove Turn Meter|Critical Chance Up|Gain Turn Meter|+Tenacity|Critical Damage Up|+Defense|Counter|Critical Hit Immunity|Defense Up|Taunt|Dispel|Jedi Lessons|+Speed|Relic Scaling|Buff Immunity|Advantage|Reduce Cooldowns|AoE|Assist|Expose|Daze|Ability Block|Tenacity Down|+Max Health|Tenacity Up|Reset Cooldown|Stun|Breach,https://game-assets.swgoh.gg/textures/tex.charui_luke_jml.png,,Legacy,8,9,9
GRANDMASTERYODA,Grand Master Yoda,1,Light Side,Support,Leader|Galactic Republic|Jedi,Bonus Turn|Tenacity Up|Foresight|AoE|Protection Up|Remove Turn Meter|Offense Up|Shock|Critical Chance Up|Potency Down|Defense Penetration Up|Gain Turn Meter|Stun|+Tenacity|Taunt|+Critical|Critical Damage Up|Stealth,https://game-assets.swgoh.gg/textures/tex.charui_yodagrandmaster.png,,Legacy,8,8,8
GRANDMOFFTARKIN,Grand Moff Tarkin,1,Dark Side,Support,Leader|Empire|Fleet Commander|Order 66 Raid,Critical Chance Down|Defense Down|Remove Turn Meter|Gain Turn Meter|+Defense|Counter|Tactical Supremacy|Dispel|Potency Up|+Speed|Revive|Anti-Revive|Offense Down|AoE|Assist|Expose|Daze|+Max Health|Fear|Protection Up|Stealth,https://game-assets.swgoh.gg/textures/tex.charui_tarkinadmiral.png,CAPITALSTARDESTROYER,Legacy,7,9,9
GREATMOTHERS,Great Mothers,1,Dark Side,Support,Leader|Nightsister,Bonus Turn|Vulnerable|Remove Turn Meter|Gain Turn Meter|Damage Immunity|+Defense|Counter|Foresight|Taunt|Dispel|+Speed|Defense Penetration Up|Instant Defeat Immunity|Revive|Anti-Revive|AoE|Assist|Ability Block|Tenacity Down|+Max Health|Damage Over Time|Fear|Reset Cooldown|Speed Down|Stun|Stealth,https://game-assets.swgoh.gg/textures/tex.charui_greatmothers.png,,Legacy,7,7,8
GREEDO,Greedo,1,Dark Side,Attacker,Leader|Bounty Hunter|Hutt Cartel|Scoundrel,Counter|Bonus Attack|AoE|Remove Turn Meter|Dispel|Critical Chance Up|Potency Up|Stun|Gain Turn Meter|Thermal Detonator,https://game-assets.swgoh.gg/textures/tex.charui_greedo.png,,Legacy,6,6,6
GREEFKARGA,Greef Karga,1,Light Side,Support,Leader|Bounty Hunter|Scoundrel,Counter|Tenacity Up|Assist|Offense Up|Dispel|Critical Chance Up|Defense Penetration Up|Daze|Gain Turn Meter|+Critical|Retribution|Critical Damage Up|Stealth|Health Steal Up,https://game-assets.swgoh.gg/textures/tex.charui_greefkarga.png,,Legacy,5,7,7
GRIEVOUS,General Grievous,1,Dark Side,Attacker,Leader|Droid|Separatist|Fleet Commander,Bonus Turn|Counter|AoE|Healing Immunity|Remove Turn Meter|Reset Cooldown|Target Lock|Dispel|Stun|Gain Turn Meter|Marked|+Defense|Health Steal Up,https://game-assets.swgoh.gg/textures/tex.charui_grievous.png,CAPITALMALEVOLENCE,Legacy,7,7,7
GUNGANPHALANX,Gungan Phalanx,1,Light Side,Tank,Gungan,Vulnerable|Provoked|Defense Down|Remove Turn Meter|Gain Turn Meter|Protection Over Time|Counter|Foresight|Taunt|Dispel|Potency Up|Protection Disruption|AoE|Assist|Expose|Daze|Tenacity Down|Shield Up|Retaliate|Offense Up,https://game-assets.swgoh.gg/textures/tex.charui_gunganphalanx.png,,Legacy,5,7,8
HANSOLO,Han Solo,1,Light Side,Attacker,Mercenary|Rebel|Scoundrel|Smuggler,Bonus Turn|Counter|Remove Turn Meter|Taunt|Critical Chance Up|Stun|Gain Turn Meter|Evasion Up|Critical Damage Up,https://game-assets.swgoh.gg/textures/tex.charui_han.png,MILLENNIUMFALCON,Legacy,8,8,8
HERASYNDULLAS3,Hera Syndulla,1,Light Side,Support,Leader|Phoenix|Rebel,Counter|+Max Health|Reduce Cooldowns|Expose|Assist|Dispel|+Speed|Gain Turn Meter|Revive,https://game-assets.swgoh.gg/textures/tex.charui_hera_s3.png,GHOST,Legacy,4,7,7
HERMITYODA,Hermit Yoda,1,Light Side,Support,Jedi,Counter|Foresight|Assist|Heal|Healing Immunity|Reset Cooldown|Dispel|Gain Turn Meter|Stealth,https://game-assets.swgoh.gg/textures/tex.charui_yodahermit.png,,Legacy,5,7,7
HK47,HK-47,1,Dark Side,Attacker,Leader|Droid|Sith Empire,Bonus Turn|Counter|Fear|AoE|Protection Up|Reset Cooldown|Deathmark|Dispel|Gain Turn Meter|+Critical|Offense Up|Tenacity Down,https://game-assets.swgoh.gg/textures/tex.charui_hk47.png,,Legacy,5,7,7
HONDO,Hondo Ohnaka,1,Neutral,Support,Mercenary|Pirate|Scoundrel|Smuggler|Order 66 Raid,Bonus Turn|Counter|Foresight|Defense Up|AoE|Assist|Expose|Protection Up|Remove Turn Meter|Dispel|+Speed|Gain Turn Meter|Profit|Ransom|Ability Block|Buff Immunity,https://game-assets.swgoh.gg/textures/tex.charui_hondoohnaka.png,,Legacy,7,9,9
HOTHHAN,Captain Han Solo,1,Light Side,Support,Rebel|Scoundrel,Revive|Dispel|Gain Turn Meter|Daze,https://game-assets.swgoh.gg/textures/tex.charui_hoth_han.png,,Legacy,5,5,5
HOTHLEIA,Rebel Officer Leia Organa,1,Light Side,Attacker,Leader|Rebel,Counter|Foresight|+Speed|Gain Turn Meter|+Tenacity|Ability Block|Buff Immunity|+Critical,https://game-assets.swgoh.gg/textures/tex.charui_leiahoth.png,,Legacy,5,5,5
HOTHREBELSCOUT,Hoth Rebel Scout,1,Light Side,Attacker,Rebel|Rebel Fighter,Stun|Gain Turn Meter,https://game-assets.swgoh.gg/textures/tex.charui_rebelhothscout.png,,Legacy,5,5,5
HOTHREBELSOLDIER,Hoth Rebel Soldier,1,Light Side,Support,Rebel|Rebel Fighter,Counter|Health Up|Defense Up|Offense Down|Taunt,https://game-assets.swgoh.gg/textures/tex.charui_rebelhoth.png,,Legacy,5,5,5
HUMANTHUG,Mob Enforcer,1,Dark Side,Support,Hutt Cartel|Scoundrel,Bonus Turn|Counter|Vulnerable|Expose|Defense Down|+Speed|Daze|Thermal Detonator|Offense Up,https://game-assets.swgoh.gg/textures/tex.charui_mob_enforcer.png,,Legacy,3,5,5
HUNTERS3,Hunter (Mercenary),1,Light Side,Support,Bad Batch|Mercenary|Order 66 Raid,Bonus Turn|Critical Chance Up|Soldier of Fortune|Gain Turn Meter|Counter|Dispel|+Speed|Marked|Buff Immunity|Protection Disruption|Offense Down|AoE|Assist|Expose|Healing Immunity|Shock|Daze|Protection Up|Reset Cooldown|Speed Down|Speed Up|Offense Up,https://game-assets.swgoh.gg/textures/tex.charui_hunters3.png,,the Cavalry,5,7,7
HUYANG,Huyang,1,Light Side,Attacker,Droid|Spectre,Reduce Cooldowns|Tenacity Up|Expose|Assist|Reset Cooldown|Stagger|Dispel|Jedi Lessons|Stun|Gain Turn Meter|Off Balance|Speed Up|Offense Up|Advantage|Damage Immunity,https://game-assets.swgoh.gg/textures/tex.charui_huyang.png,,Apprentices,7,8,8
IDENVERSIOEMPIRE,Iden Versio,1,Dark Side,Attacker,Leader|Empire|Imperial Trooper,Counter|+Max Health|Vulnerable|AoE|Assist|Healing Immunity|Protection Up|Dispel|Stun|+Speed|Gain Turn Meter|+Critical|Critical Damage Up|Revive,https://game-assets.swgoh.gg/textures/tex.charui_idenversioempire.png,TIEDEFENDER,Legacy,5,7,8
IG11,IG-11,1,Light Side,Healer,Droid|Scoundrel,Counter|Damage Over Time|Foresight|AoE|Assist|Taunt|Dispel|Shock|Retribution|Tenacity Down|Health Steal Up,https://game-assets.swgoh.gg/textures/tex.charui_ig11_nurse.png,,Legacy,5,5,5
IG12,IG-12 & Grogu,1,Light Side,Healer,Mandalorian,Bonus Turn|Counter|Reduce Cooldowns|Defense Up|AoE|Blind|Assist|Healing Immunity|Protection Up|Dispel|Reset Cooldown|Stun|Daze|Gain Turn Meter|Ability Block|Offense Up,https://game-assets.swgoh.gg/textures/tex.charui_ig12.png,,Legacy,7,7,7
IG86SENTINELDROID,IG-86 Sentinel Droid,1,Dark Side,Attacker,Droid,Assist,https://game-assets.swgoh.gg/textures/tex.charui_ig86.png,,Legacy,3,3,3
IG88,IG-88,1,Dark Side,Attacker,Leader|Bounty Hunter|Droid|Scoundrel,Damage Over Time|AoE|Healing Immunity|Defense Down|Target Lock|Ability Block|+Critical,https://game-assets.swgoh.gg/textures/tex.charui_ig88.png,IG2000,Legacy,5,6,7
IG90,IG-90,1,Dark Side,Support,Leader|Bounty Hunter|Droid|Scoundrel,Heal|Defense Down|Critical Chance Up|+Tenacity|Critical Damage Up|Damage Immunity|Heal Over Time|Counter|Taunt|Dispel|+Speed|Marked|Accuracy Up|AoE|Assist|Damage Over Time|Speed Down|Speed Up|+Critical|Offense Up|Stealth,https://game-assets.swgoh.gg/textures/tex.charui_ig-90.png,,Anniversary,6,7,7
IMAGUNDI,Ima-Gun Di,1,Light Side,Support,Leader|Galactic Republic|Jedi|Jedi Vanguard|Order 66 Raid,Counter|Defense Up|Defense Down|Anti-Droid|+Defense,https://game-assets.swgoh.gg/textures/tex.charui_imagundi.png,,Legacy,5,5,5
IMPERIALPROBEDROID,Imperial Probe Droid,1,Dark Side,Support,Droid|Empire|ISB,Counter|Expose|AoE|Healing Immunity|Remove Turn Meter|Reset Cooldown|Dispel|Target Lock|Taunt|Gain Turn Meter|Instant Defeat|Revive,https://game-assets.swgoh.gg/textures/tex.charui_probedroid.png,,Legacy,5,5,7
IMPERIALSUPERCOMMANDO,Imperial Super Commando,1,Dark Side,Attacker,Empire|Mandalorian,Counter|Bonus Attack|Offense Down|Dispel|Gain Turn Meter|Buff Immunity|Damage Immunity,https://game-assets.swgoh.gg/textures/tex.charui_imperial_super_commando.png,GAUNTLETSTARFIGHTER,Legacy,5,5,7
INQUISITORBARRISS,Inquisitor Barriss,1,Dark Side,Healer,Leader|Empire|Inquisitorius|Unaligned Force User,Counter|+Max Health|AoE|Assist|Taunt|Dispel|Stun|Daze|Gain Turn Meter|Purge|Buff Immunity|+Critical|Heal Over Time|Revive|Anti-Revive,https://game-assets.swgoh.gg/textures/tex.charui_inquisitorbarriss.png,,Anniversary,6,7,8
ITHANO,Captain Ithano,1,Dark Side,Attacker,Leader|Pirate|Scoundrel|Order 66 Raid,Defense Down|+Tenacity|Counter|Foresight|Defense Up|Deathmark|Dispel|+Speed|Defense Penetration Up|Profit|Marked|Retribution|Accuracy Up|Revive|AoE|Assist|Expose|+Max Health|Tenacity Up|Bonus Attack|Fear|Protection Up|Reset Cooldown|Speed Up|+Critical|Offense Up,https://game-assets.swgoh.gg/textures/tex.charui_ithano.png,,Piracy,5,7,8
JABBATHEHUTT,Jabba the Hutt,1,Dark Side,Support,Leader|Galactic Legend|Bounty Hunter|Hutt Cartel|Smuggler,Bonus Turn|Gain Turn Meter|Critical Damage Up|Damage Immunity|+Defense|Counter|Blind|Taunt|Dispel|+Speed|Armor Shred|Defense Penetration Up|Relic Scaling|Buff Immunity|Thermal Detonator|Revive|Advantage|Anti-Revive|AoE|Assist|Daze|Instant Defeat|+Max Health|Fear|Protection Up|Reset Cooldown|Speed Down|Stun|Speed Up|Offense Up|Stealth,https://game-assets.swgoh.gg/textures/tex.charui_jabbathehutt.png,,Legacy,8,9,9
JANGOFETT,Jango Fett,1,Dark Side,Attacker,Leader|Bounty Hunter|Mandalorian|Mercenary|Scoundrel|Separatist,Bonus Turn|Burning|Counter|AoE|Healing Immunity|Stagger|Taunt|Dispel|+Speed|Gain Turn Meter|+Tenacity|+Critical|Revive|Damage Immunity,https://game-assets.swgoh.gg/textures/tex.charui_jangofett.png,,Legacy,7,7,7
JARJARBINKS,Jar Jar Binks,1,Light Side,Support,Gungan,Bonus Turn|Frustration|Remove Turn Meter|Gain Turn Meter|Plasma Residue|Damage Immunity|Counter|Foresight|Blind|Stagger|Deathmark|Dispel|+Speed|Protection Disruption|AoE|Assist|Expose|Shock|Daze|Instant Defeat|Shield Up|Tenacity Up|Fear|Protection Up|Reset Cooldown|Stun|Stealth,https://game-assets.swgoh.gg/textures/tex.charui_jarjarbinks.png,,Legacy,6,8,8
JAWA,Jawa,1,Light Side,Attacker,Jawa,Stun|Speed Down|AoE|Gain Turn Meter,https://game-assets.swgoh.gg/textures/tex.charui_jawa_jawa.png,,Legacy,3,4,5
JAWAENGINEER,Jawa Engineer,1,Light Side,Healer,Jawa,Heal|Critical Chance Up|+Speed|Gain Turn Meter|Thermal Detonator|Revive,https://game-assets.swgoh.gg/textures/tex.charui_jawa_engineer.png,,Legacy,3,6,6
JAWASCAVENGER,Jawa Scavenger,1,Light Side,Support,Jawa,Offense Down|AoE|Healing Immunity|Defense Down|Tenacity Down|Thermal Detonator|Offense Up|Stealth,https://game-assets.swgoh.gg/textures/tex.charui_jawa_scavenger.png,,Legacy,3,6,7
JAXXON,Jaxxon,1,Light Side,Attacker,Mercenary|Scoundrel|Smuggler,Bonus Turn|Counter|Vulnerable|Prepared|AoE|Heal|Dispel|Speed Down|+Speed|Gain Turn Meter|Stun|Off Balance|Revive|Stealth|Anti-Revive,https://game-assets.swgoh.gg/textures/tex.charui_jaxxon.png,,Myths & Legends,,,
JEDIKNIGHTCAL,Jedi Knight Cal Kestis,1,Light Side,Attacker,Leader|Jedi|Mercenary,Bonus Turn|Frenzy|Gain Turn Meter|Damage Immunity|+Defense|Counter|Stagger|Taunt|Dispel|Defense Penetration Up|Armor Shred|Retribution|Revive|Advantage|Anti-Revive|AoE|Assist|Daze|Ability Block|Instant Defeat|+Max Health|Fear|Protection Up|Speed Down|Stun|Riposte,https://game-assets.swgoh.gg/textures/tex.charui_jediknightcal.png,,Legacy,7,8,8
JEDIKNIGHTCONSULAR,Jedi Consular,1,Light Side,Healer,Galactic Republic|Jedi|Jedi Vanguard|Order 66 Raid,Reduce Cooldowns|Heal,https://game-assets.swgoh.gg/textures/tex.charui_jedi_consular_03.png,JEDISTARFIGHTERCONSULAR,Legacy,5,5,6
JEDIKNIGHTGUARDIAN,Jedi Knight Guardian,1,Light Side,Tank,Galactic Republic|Jedi|Jedi Vanguard|Order 66 Raid,Ability Block|Offense Down|Defense Up|AoE,https://game-assets.swgoh.gg/textures/tex.charui_jedi_guardian_01.png,,Legacy,3,4,5
JEDIKNIGHTLUKE,Jedi Knight Luke Skywalker,1,Light Side,Attacker,Leader|Jedi,Counter|Fear|Vulnerable|AoE|Blind|Assist|Dispel|Stun|+Speed|Gain Turn Meter|+Critical,https://game-assets.swgoh.gg/textures/tex.charui_luke_jediknight.png,,Legacy,7,8,8
JEDIKNIGHTREVAN,Jedi Knight Revan,1,Light Side,Attacker,Leader|Jedi|Old Republic,Bonus Turn|Gain Turn Meter|+Tenacity|Critical Damage Up|Counter|Critical Hit Immunity|Foresight|Taunt|Dispel|+Speed|Marked|Buff Immunity|Advantage|Reduce Cooldowns|AoE|Assist|Ability Block|+Max Health|Tenacity Up|Stun,https://game-assets.swgoh.gg/textures/tex.charui_jedirevan.png,,Legacy,5,8,8
JEDIMASTERKENOBI,Jedi Master Kenobi,1,Light Side,Attacker,Leader|Galactic Legend|Galactic Republic|Jedi,Vulnerable|Gain Turn Meter|Damage Immunity|Counter|Foresight|Taunt|Dispel|+Speed|Defense Penetration Up|Relic Scaling|AoE|Assist|Healing Immunity|Ability Block|+Max Health|Tenacity Up|Protection Up|Reset Cooldown|Stun|Stealth,https://game-assets.swgoh.gg/textures/tex.charui_globiwan.png,,Legacy,8,9,9
JEDIMASTERMACEWINDU,Jedi Master Mace Windu,1,Light Side,Attacker,Leader|Galactic Republic|Jedi|Jedi Vanguard|Order 66 Raid,Bonus Turn|Gain Turn Meter|+Defense|Counter|Foresight|Blind|Taunt|Dispel|+Speed|Doubt|Buff Immunity|Revive|Anti-Revive|Protection Disruption|AoE|Assist|Expose|Healing Immunity|Instant Defeat|+Max Health|Tenacity Up|Reset Cooldown|Deflective Ward|Speed Down|Riposte|Speed Up|+Critical|Offense Up|Stealth,https://game-assets.swgoh.gg/textures/tex.charui_jedimastermacewindu.png,,Revenge of the Sith,7,9,9
JOCASTANU,Jocasta Nu,1,Light Side,Attacker,Galactic Republic|Jedi|Jedi Vanguard|Order 66 Raid,Bonus Turn|Vulnerable|Defense Down|Gain Turn Meter|Critical Damage Up|Damage Immunity|Counter|Foresight|Dispel|+Speed|Revive|Anti-Revive|Protection Disruption|AoE|Expose|Daze|Ability Block|Tenacity Down|Burning|Deflective Ward|Stun|Breach|Speed Up,https://game-assets.swgoh.gg/textures/tex.charui_jocastanu_blaster.png,,Conquest,7,8,8
JOLEEBINDO,Jolee Bindo,1,Light Side,Healer,Jedi|Old Republic,Protection Up|Assist|Dispel|Gain Turn Meter|Revive,https://game-assets.swgoh.gg/textures/tex.charui_joleebindo.png,,Legacy,5,7,7
JUHANI,Juhani,1,Light Side,Tank,Jedi|Old Republic,Counter|AoE|Assist|Stagger|Taunt|Dispel|Stun|+Speed|Gain Turn Meter|Offense Up|Stealth|Health Steal Up,https://game-assets.swgoh.gg/textures/tex.charui_juhani.png,,Legacy,5,7,7
JYNERSO,Jyn Erso,1,Light Side,Attacker,Leader|Rebel|Rebel Fighter|Rogue One,Critical Hit Immunity|AoE|Expose|Heal|Remove Turn Meter|Offense Up|Taunt|Stun|+Speed|Gain Turn Meter|Buff Immunity|Speed Up|Evasion Up|Critical Damage Up|Advantage|Revive,https://game-assets.swgoh.gg/textures/tex.charui_jyn.png,UWINGROGUEONE,Legacy,5,7,7
K2SO,K-2SO,1,Light Side,Tank,Droid|Rebel|Rebel Fighter|Rogue One,Counter|Offense Down|Assist|Taunt|Dispel|Daze,https://game-assets.swgoh.gg/textures/tex.charui_k2so.png,UWINGROGUEONE,Legacy,5,6,7
KANANJARRUSS3,Kanan Jarrus,1,Light Side,Tank,Jedi|Phoenix|Rebel,Counter|Foresight|Defense Up|Offense Down|Protection Up|Taunt|Dispel|Gain Turn Meter,https://game-assets.swgoh.gg/textures/tex.charui_kanan_s3.png,GHOST,Legacy,3,6,6
KELLERANBEQ,Kelleran Beq,1,Light Side,Attacker,Leader|Galactic Republic|Jedi|Jedi Vanguard|Order 66 Raid,Bonus Turn|Counter|Tenacity Up|Bonus Attack|Foresight|Protection Up|Assist|Healing Immunity|Target Lock|Dispel|+Speed|Gain Turn Meter|+Tenacity|+Critical|Offense Up|+Defense,https://game-assets.swgoh.gg/textures/tex.charui_kelleranbeq.png,,Legacy,7,8,8
KIADIMUNDI,Ki-Adi-Mundi,1,Light Side,Attacker,Galactic Republic|Jedi,Counter|Bonus Attack|Critical Hit Immunity|AoE|Protection Up|Reset Cooldown|Dispel|+Speed|Armor Shred|Daze|Gain Turn Meter,https://game-assets.swgoh.gg/textures/tex.charui_kiadimundi.png,,Legacy,5,7,8
KITFISTO,Kit Fisto,1,Light Side,Attacker,Leader|Galactic Republic|Jedi|Jedi Vanguard|Order 66 Raid,Counter|Bonus Attack|AoE|Potency Up|Gain Turn Meter|+Tenacity|+Defense,https://game-assets.swgoh.gg/textures/tex.charui_kitfisto.png,,Legacy,5,5,7
KIX,Kix,1,Light Side,Healer,Clone Trooper|Pirate|Scoundrel|Order 66 Raid,Bonus Turn|Remove Turn Meter|Gain Turn Meter|Evasion Up|Damage Immunity|Protection Over Time|Health Steal Up|Counter|Heal Over Time|Critical Hit Immunity|Taunt|Dispel|+Speed|Profit|Retribution|Revive|AoE|Assist|Healing Immunity|Shock|Instant Defeat|Tenacity Up|Health Up|Protection Up|Reset Cooldown|Speed Up|Stealth,https://game-assets.swgoh.gg/textures/tex.charui_kix.png,,Piracy,6,7,7
KLEYA,Kleya Marki,1,Light Side,Attacker,Rebel|Rebel Fighter,Bonus Turn|Heal|Remove Turn Meter|Gain Turn Meter|Evasion Up|Critical Damage Up|Damage Immunity|Counter|Taunt|Dispel|Buff Immunity|Revive|Anti-Revive|Reduce Cooldowns|AoE|Assist|Healing Immunity|Ability Block|Burning|Rebel Network|Reset Cooldown|Undermine|Offense Up,https://game-assets.swgoh.gg/textures/tex.charui_kleya.png,,Andor,2,7,8
KRRSANTAN,Krrsantan,1,Dark Side,Tank,Leader|Bounty Hunter|Hutt Cartel|Mercenary|Scoundrel|Wookiee,Damage Immunity|Counter|Defense Up|Taunt|Dispel|+Speed|Revive|Reduce Cooldowns|Offense Down|AoE|Shock|Potency Down|Ability Block|Disarm|+Max Health|Damage Over Time|Protection Up|Reset Cooldown|Critical Damage Down|Evasion Down|Speed Up,https://game-assets.swgoh.gg/textures/tex.charui_krrsantan.png,,Legacy,5,9,9
KUIIL,Kuiil,1,Light Side,Support,Scoundrel,Burning|Expose|Heal|Shock|Speed Down|Stun|Gain Turn Meter|Revive,https://game-assets.swgoh.gg/textures/tex.charui_kuiil.png,,Legacy,5,5,5
KXSECURITYDROID,KX Security Droid,1,Dark Side,Tank,Droid|Empire|ISB,Defense Down|Frenzy|Gain Turn Meter|Counter|Foresight|Defense Up|Blind|Stagger|Taunt|Dispel|Retribution|AoE|Assist|Expose|Target Lock|Shock|Daze|Alert|Overcharge|Protection Up|Reset Cooldown|Undermine,https://game-assets.swgoh.gg/textures/tex.charui_kxsecuritydroid.png,,Andor,2,5,6
KYLEKATARN,Kyle Katarn,1,Light Side,Attacker,Jedi|Mercenary|New Republic|Rebel|Rebel Fighter,Bonus Turn|Counter|Defense Up|AoE|Assist|Reset Cooldown|Dispel|Critical Chance Up|Potency Up|Gain Turn Meter|Ability Block|Speed Up,https://game-assets.swgoh.gg/textures/tex.charui_kylekatarn.png,RAVENSCLAW,Legacy,5,7,7
KYLOREN,Kylo Ren,1,Dark Side,Attacker,First Order|Unaligned Force User,Counter|Damage Over Time|AoE|Healing Immunity|Reset Cooldown|Stun|+Speed|Gain Turn Meter|Retribution|Advantage,https://game-assets.swgoh.gg/textures/tex.charui_kyloren.png,COMMANDSHUTTLE,Legacy,7,7,7
KYLORENUNMASKED,Kylo Ren (Unmasked),1,Dark Side,Tank,Leader|First Order|Unaligned Force User,Counter|Taunt|Dispel|Stun|+Speed|Gain Turn Meter|Advantage|Tenacity Down,https://game-assets.swgoh.gg/textures/tex.charui_kylo_unmasked.png,TIESILENCER,Legacy,7,8,8
L3_37,L3-37,1,Light Side,Tank,Droid|Mercenary|Scoundrel|Smuggler,Counter|Tenacity Up|Prepared|Defense Down|Taunt|Dispel|Gain Turn Meter,https://game-assets.swgoh.gg/textures/tex.charui_l337.png,MILLENNIUMFALCONPRISTINE,Legacy,5,6,7
LEIAJEDITRAINING,Leia (Jedi Training),1,Light Side,Attacker,Jedi,Bonus Turn|Defense Down|Remove Turn Meter|Gain Turn Meter|Counter|Foresight|Taunt|Dispel|Jedi Lessons|+Speed|Buff Immunity|Revive|Anti-Revive|Protection Disruption|Reduce Cooldowns|Offense Down|AoE|Assist|Healing Immunity|Daze|Ability Block|Off Balance|Stun|Stealth,https://game-assets.swgoh.gg/textures/tex.charui_leiajeditraining.png,,Conquest,,,
LOBOT,Lobot,1,Light Side,Support,Leader|Constable|Rebel,Bonus Turn|Foresight|Defense Up|Assist|Defense Down|Heal|Remove Turn Meter|Dispel|Target Lock|Speed Down|+Speed|Gain Turn Meter|Speed Up,https://game-assets.swgoh.gg/textures/tex.charui_lobot.png,,Legacy,3,6,7
LOGRAY,Logray,1,Light Side,Support,Ewok,Tenacity Up|Foresight|Health Up|AoE|Assist|Remove Turn Meter|Dispel|Daze|Gain Turn Meter|Offense Up|Advantage,https://game-assets.swgoh.gg/textures/tex.charui_ewok_logray.png,,Legacy,5,6,6
LORDVADER,Lord Vader,1,Dark Side,Attacker,Leader|Galactic Legend|Empire|Sith,Bonus Turn|Gain Turn Meter|Counter|Taunt|Dispel|+Speed|Relic Scaling|Marked|Buff Immunity|Thermal Detonator|Revive|Anti-Revive|Reduce Cooldowns|AoE|Healing Immunity|Shock|Daze|Ability Block|+Max Health|Damage Over Time|Fear|Stun|Speed Up|+Critical|Stealth,https://game-assets.swgoh.gg/textures/tex.charui_lordvader.png,,Legacy,8,9,10
LUKESKYWALKER,Luke Skywalker (Farmboy),1,Light Side,Attacker,Leader|Rebel,Counter|Damage Over Time|Defense Down|Offense Up|Dispel|Speed Down|Stun|Gain Turn Meter|+Tenacity|Critical Damage Up|Advantage,https://game-assets.swgoh.gg/textures/tex.charui_luke_ep4.png,,Legacy,3,3,3
LUKESTARKILLER,Starkiller (Luke Concept),1,Light Side,Support,Rebel|Unaligned Force User,Bonus Turn|AoE|Assist|Expose|Protection Up|Dispel|Gain Turn Meter|Ability Block|Buff Immunity,https://game-assets.swgoh.gg/textures/tex.charui_lukestarkiller.png,,Myths & Legends,,,
LUMINARAUNDULI,Luminara Unduli,1,Light Side,Healer,Leader|Galactic Republic|Jedi|Jedi Vanguard|Order 66 Raid,+Max Health|Tenacity Up|Protection Up|Heal|+Evasion|Dispel|Gain Turn Meter|Healing|Ability Block|Evasion Up|Heal Over Time,https://game-assets.swgoh.gg/textures/tex.charui_luminara.png,,Legacy,5,7,7
LUTHENRAEL,Luthen Rael,1,Light Side,Support,Rebel|Rebel Fighter,Bonus Turn|Defense Down|Frenzy|Gain Turn Meter|Critical Damage Up|Counter|Taunt|Dispel|+Speed|Defense Penetration Up|Marked|Buff Immunity|Retribution|Revive|Summon|Assist|Healing Immunity|Daze|Ability Block|Fear|Reset Cooldown|Speed Up|Stealth,https://game-assets.swgoh.gg/textures/tex.charui_luthenrael.png,,Conquest,5,7,8
MACEWINDU,Mace Windu,1,Light Side,Tank,Leader|Galactic Republic|Jedi|Fleet Commander,Counter|+Max Health|Foresight|AoE|Assist|Heal|Remove Turn Meter|Resilient Defense|Dispel|Taunt|Speed Down|+Speed|Gain Turn Meter|Stun|Ability Block|Stealth,https://game-assets.swgoh.gg/textures/tex.charui_macewindu.png,CAPITALJEDICRUISER,Legacy,4,7,8
MAGMATROOPER,Magmatrooper,1,Dark Side,Attacker,Empire|Imperial Trooper,Remove Turn Meter|AoE|Gain Turn Meter,https://game-assets.swgoh.gg/textures/tex.charui_trooperstorm_magma.png,,Legacy,5,5,5
MAGNAGUARD,IG-100 MagnaGuard,1,Dark Side,Tank,Droid|Separatist,Bonus Turn|Counter|AoE|Reset Cooldown|Target Lock|Taunt|Dispel|Stun|Speed Up|Stealth,https://game-assets.swgoh.gg/textures/tex.charui_magnaguard.png,,Legacy,5,5,6
MAJORPARTAGAZ,Major Partagaz,1,Dark Side,Support,Leader|Empire|ISB,Gain Turn Meter|+Tenacity|+Defense|Counter|Tactical Supremacy|Foresight|Blind|Taunt|Dispel|+Speed|AoE|Assist|Expose|Target Lock|Potency Down|Daze|Speed Down|Retaliate|Speed Up|+Critical|Stealth,https://game-assets.swgoh.gg/textures/tex.charui_majorpartagaz.png,,Andor,2,6,6
MANDALORBOKATAN,Bo-Katan (Mand'alor),1,Light Side,Attacker,Leader|Mandalorian,Bonus Turn|+Max Health|Counter|Tenacity Up|Assist|Taunt|Dispel|Stun|+Speed|Armor Shred|Daze|Speed Up|Revive|+Defense,https://game-assets.swgoh.gg/textures/tex.charui_mandalorbokatan.png,,Legacy,7,8,8
MARAJADE,"Mara Jade, The Emperor's Hand",1,Dark Side,Attacker,Empire|Unaligned Force User,Counter|Vulnerable|Offense Down|AoE|Blind|Assist|Stagger|Dispel|Shock|Stun|Daze|Gain Turn Meter|Tenacity Down|Stealth,https://game-assets.swgoh.gg/textures/tex.charui_marajade.png,,Legacy,5,7,7
MARAJADESKYWALKER,Mara Jade Skywalker,1,Light Side,Attacker,Jedi|New Republic,Bonus Turn|Vulnerable|Defense Down|Gain Turn Meter|Counter|Stagger|Taunt|Dispel|+Speed|Instant Defeat Immunity|AoE|Assist|Healing Immunity|Resilient Defense|Daze|Fear|Protection Up|Reset Cooldown|Stun|Riposte|Speed Up|Offense Up|Stealth,https://game-assets.swgoh.gg/textures/tex.charui_marajadeskywalker.png,,Myths & Legends,,,
MARROK,Marrok,1,Dark Side,Support,Inquisitorius|Mercenary|Unaligned Force User,Counter|Defense Up|AoE|Assist|Defense Down|Expose|Reset Cooldown|Dispel|Soldier of Fortune|Gain Turn Meter|Purge|Tenacity Down|Ability Block|Revive|Advantage|Damage Immunity|Anti-Revive,https://game-assets.swgoh.gg/textures/tex.charui_marrok.png,,Legacy,7,8,8
MASTERQUIGON,Master Qui-Gon,1,Light Side,Support,Galactic Republic|Jedi,Bonus Turn|Remove Turn Meter|Gain Turn Meter|Critical Damage Up|Protection Over Time|Heal Over Time|Counter|Foresight|Defense Up|Taunt|Dispel|+Speed|Doubt|Buff Immunity|Accuracy Up|Advantage|Protection Disruption|AoE|Assist|Expose|Healing Immunity|Ability Block|Tenacity Down|Tenacity Up|Protection Up|Stun|Breach|Speed Up|Stealth,https://game-assets.swgoh.gg/textures/tex.charui_masterquigon.png,,Legacy,6,9,9
MAUL,Darth Maul,1,Dark Side,Attacker,Leader|Sith,Counter|AoE|+Evasion|Taunt|Daze|Gain Turn Meter|Offense Up|Advantage|Stealth,https://game-assets.swgoh.gg/textures/tex.charui_maul.png,SITHINFILTRATOR,Legacy,7,7,7
MAULHATEFUELED,Maul (Hate-Fueled),1,Dark Side,Attacker,Unaligned Force User,Bonus Turn|Remove Turn Meter|Gain Turn Meter|Critical Damage Up|Counter|Taunt|Dispel|+Speed|Fracture|Revive|Anti-Revive|AoE|Assist|Healing Immunity|Daze|Ability Block|Instant Defeat|Fear|Reset Cooldown|Offense Up,https://game-assets.swgoh.gg/textures/tex.charui_maulhatefueled.png,,Anniversary,3,9,10
MAULS7,Maul,1,Dark Side,Attacker,Leader|Mandalorian|Unaligned Force User,Bonus Turn|+Max Health|Counter|Reduce Cooldowns|Offense Down|AoE|Assist|Taunt|Dispel|Frenzy|Stun|Ability Block|Buff Immunity|Retribution|+Defense,https://game-assets.swgoh.gg/textures/tex.charui_maul_cyborg.png,,Conquest,6,8,8
MAZKANATA,Maz Kanata,1,Light Side,Support,Leader|Pirate|Scoundrel|Smuggler|Unaligned Force User|Order 66 Raid,Bonus Turn|Remove Turn Meter|Gain Turn Meter|+Tenacity|Counter|Foresight|Deathmark|Dispel|+Speed|Armor Shred|Profit|Marked|Retribution|AoE|Assist|Expose|Healing Immunity|Instant Defeat|+Max Health|Fear|Reset Cooldown|Stealth,https://game-assets.swgoh.gg/textures/tex.charui_mazkanata.png,,Conquest,7,7,8
MERRIN,Merrin,1,Dark Side,Support,Nightsister,Counter|AoE|Taunt|Dispel|Stun|+Speed|Gain Turn Meter|Relic Scaling|Plague|Instant Defeat Immunity|Revive|Stealth,https://game-assets.swgoh.gg/textures/tex.charui_merrin.png,,Legacy,5,7,7
MISSIONVAO,Mission Vao,1,Light Side,Attacker,Mercenary|Old Republic|Scoundrel,Damage Over Time|Protection Up|Blind|Assist|Dispel|+Speed|Daze|Gain Turn Meter|Riposte|Stealth,https://game-assets.swgoh.gg/textures/tex.charui_mission.png,,Legacy,4,6,7
MOFFGIDEONS1,Moff Gideon,1,Dark Side,Support,Leader|Empire|Imperial Remnant|Imperial Trooper,Counter|+Max Health|AoE|Assist|Protection Up|Taunt|Dispel|Armor Shred|Daze|Gain Turn Meter|Revive,https://game-assets.swgoh.gg/textures/tex.charui_moffgideon.png,,Legacy,5,7,8
MOFFGIDEONS3,Dark Trooper Moff Gideon,1,Dark Side,Tank,Leader|Empire|Imperial Remnant,Bonus Turn|Remove Turn Meter|Gain Turn Meter|+Defense|Counter|Defense Up|Stagger|Taunt|Dispel|+Speed|Retribution|Accuracy Up|Revive|Offense Down|AoE|Assist|Healing Immunity|Daze|Stun|+Critical|Stealth,https://game-assets.swgoh.gg/textures/tex.charui_moffgideons3.png,,Conquest,5,8,8
MONMOTHMA,Mon Mothma,1,Light Side,Support,Leader|New Republic|Rebel,+Max Health|Critical Hit Immunity|Summon|Assist|Taunt|Dispel|+Speed|Daze|Defense Penetration Up|+Tenacity|Revive|+Defense,https://game-assets.swgoh.gg/textures/tex.charui_monmothma.png,,Legacy,5,5,6
MORGANELSBETH,Morgan Elsbeth,1,Dark Side,Tank,Nightsister,Vulnerable|Defense Down|Frenzy|Gain Turn Meter|Counter|Foresight|Defense Up|Blind|Stagger|Taunt|Dispel|Defense Penetration Up|Armor Shred|Relic Scaling|Buff Immunity|Revive|Anti-Revive|AoE|Assist|Expose|Tenacity Up|Protection Up|Stealth,https://game-assets.swgoh.gg/textures/tex.charui_morganelsbeth.png,,Legacy,7,7,8
MOTHERTALZIN,Mother Talzin,1,Dark Side,Support,Leader|Nightsister,Counter|AoE|Assist|Dispel|+Speed|Gain Turn Meter|Plague|Revive|Anti-Revive,https://game-assets.swgoh.gg/textures/tex.charui_nightsisters_talzin.png,,Legacy,3,5,6
NIGHTSISTERACOLYTE,Nightsister Acolyte,1,Dark Side,Attacker,Nightsister,Dispel|Stealth|Gain Turn Meter,https://game-assets.swgoh.gg/textures/tex.charui_nightsister_acolyte.png,,Legacy,3,4,5
NIGHTSISTERINITIATE,Nightsister Initiate,1,Dark Side,Attacker,Nightsister,Counter|Damage Over Time|Buff Immunity|Critical Chance Up,https://game-assets.swgoh.gg/textures/tex.charui_nightsister_initiate.png,,Legacy,3,3,5
NIGHTSISTERSPIRIT,Nightsister Spirit,1,Dark Side,Attacker,Nightsister,Counter|Foresight|Remove Turn Meter|Dispel|Speed Down|Stun|Gain Turn Meter,https://game-assets.swgoh.gg/textures/tex.charui_nightsisters_wraith.png,,Legacy,5,7,8
NIGHTSISTERZOMBIE,Nightsister Zombie,1,Dark Side,Tank,Nightsister,Counter|Taunt|Dispel|+Speed|Revive|Tenacity Down,https://game-assets.swgoh.gg/textures/tex.charui_nightsisters_zombie.png,,Legacy,3,5,5
NIGHTTROOPER,Night Trooper,1,Dark Side,Attacker,Imperial Remnant|Nightsister,Bonus Turn|Counter|Critical Chance Down|Vulnerable|AoE|Assist|Healing Immunity|Remove Turn Meter|Dispel|Frenzy|Speed Down|+Speed|Gain Turn Meter|Stun|Blight|Alert,https://game-assets.swgoh.gg/textures/tex.charui_nighttrooper_a.png,,Legacy,7,9,9
NINTHSISTER,Ninth Sister,1,Dark Side,Tank,Leader|Empire|Inquisitorius|Unaligned Force User,Bonus Turn|Counter|Damage Over Time|AoE|Defense Down|Taunt|Dispel|Potency Down|Stun|+Speed|Daze|Gain Turn Meter|+Tenacity|Ability Block|Purge|+Defense|Heal Over Time,https://game-assets.swgoh.gg/textures/tex.charui_ninthsister.png,,Legacy,5,7,7
NUTEGUNRAY,Nute Gunray,1,Dark Side,Support,Leader|Scoundrel|Separatist,Reduce Cooldowns|AoE|Assist|Dispel|Speed Down|Profit|+Speed|Revive|Stealth,https://game-assets.swgoh.gg/textures/tex.charui_nutegunray.png,,Legacy,7,7,7
OLDBENKENOBI,Obi-Wan Kenobi (Old Ben),1,Light Side,Tank,Leader|Jedi|Rebel,Offense Down|Defense Up|AoE|Remove Turn Meter|+Evasion|Taunt|Potency Up|+Speed|Evasion Down|Gain Turn Meter|Ability Block|Speed Up|Offense Up,https://game-assets.swgoh.gg/textures/tex.charui_obiwanep4.png,,Legacy,5,5,7
OMEGAS3,Omega (Fugitive),1,Light Side,Support,Leader|Bad Batch|Order 66 Raid,Bonus Turn|Remove Turn Meter|Gain Turn Meter|Counter|Foresight|Dispel|+Speed|Retribution|Revive|Advantage|Anti-Revive|Reduce Cooldowns|AoE|Expose|Instant Defeat|Plague|+Max Health|Damage Over Time|Tenacity Up|Critical Avoidance Up|Stun|Riposte|Speed Up|Stealth,https://game-assets.swgoh.gg/textures/tex.charui_omegas3.png,,the Cavalry,5,7,7
OPERATIVE,CX-2,1,Dark Side,Support,Clone Trooper|Empire|Order 66 Raid,Counter|Damage Over Time|Vulnerable|Taunt|Dispel|Speed Down|Gain Turn Meter|Speed Up|Instant Defeat Immunity|Offense Up|Stealth|Disarm,https://game-assets.swgoh.gg/textures/tex.charui_operative.png,,Revenge of the Sith,6,9,9
PADAWANOBIWAN,Padawan Obi-Wan,1,Light Side,Attacker,Galactic Republic|Jedi,Bonus Turn|Critical Chance Down|Defense Down|Remove Turn Meter|Critical Chance Up|Gain Turn Meter|Evasion Up|Critical Damage Up|Protection Over Time|Heal Over Time|Counter|Foresight|Defense Up|Stagger|Dispel|Potency Up|+Speed|Defense Penetration Up|Buff Immunity|Accuracy Up|Offense Down|AoE|Assist|Healing Immunity|Potency Down|Daze|Tenacity Down|Accuracy Down|Tenacity Up|Critical Damage Down|Speed Down|Evasion Down|Speed Up|Offense Up,https://game-assets.swgoh.gg/textures/tex.charui_padawanobiwan.png,,Legacy,6,9,9
PADAWANSABINE,Padawan Sabine Wren,1,Light Side,Attacker,Mandalorian|Spectre|Unaligned Force User,Counter|AoE|Remove Turn Meter|Dispel|+Speed|Gain Turn Meter|Relic Scaling|Off Balance,https://game-assets.swgoh.gg/textures/tex.charui_padawansabine.png,,Apprentices,5,8,8
PADMEAMIDALA,Padmé Amidala,1,Light Side,Support,Leader|Galactic Republic,Bonus Turn|+Max Health|Fear|Protection Up|Assist|Dispel|Stun|Gain Turn Meter,https://game-assets.swgoh.gg/textures/tex.charui_padme_geonosis.png,,Legacy,8,8,8
PAO,Pao,1,Light Side,Attacker,Rebel|Rebel Fighter|Rogue One,Reduce Cooldowns|AoE|Defense Down|Gain Turn Meter|Offense Up,https://game-assets.swgoh.gg/textures/tex.charui_pao.png,ROGUEONESHIP,Legacy,5,5,6
PAPLOO,Paploo,1,Light Side,Tank,Ewok,Defense Up|Assist|Taunt|Dispel|Speed Down|+Speed|Gain Turn Meter|Stealth,https://game-assets.swgoh.gg/textures/tex.charui_ewok_paploo.png,,Legacy,3,5,6
PAZVIZSLA,Paz Vizsla,1,Light Side,Tank,Mandalorian,Bonus Turn|Remove Turn Meter|Frenzy|Gain Turn Meter|Damage Immunity|Counter|Stagger|Taunt|Dispel|Retribution|Revive|AoE|Expose|Healing Immunity|Resilient Defense|Daze|Burning|Critical Avoidance Up|Protection Up|Reset Cooldown|Critical Damage Down|Breach,https://game-assets.swgoh.gg/textures/tex.charui_pazvizsla.png,,Legacy,7,7,8
PHASMA,Captain Phasma,1,Dark Side,Support,Leader|First Order,Counter|AoE|Assist|Defense Down|Speed Down|+Speed|Gain Turn Meter|Advantage,https://game-assets.swgoh.gg/textures/tex.charui_phasma.png,COMMANDSHUTTLE,Legacy,5,5,7
PLOKOON,Plo Koon,1,Light Side,Tank,Leader|Galactic Republic|Jedi|Jedi Vanguard|Order 66 Raid,Offense Down|Defense Up|AoE|Dispel|Gain Turn Meter|Offense Up|Stealth,https://game-assets.swgoh.gg/textures/tex.charui_plokoon.png,BLADEOFDORIN,Legacy,7,8,8
POE,Poe Dameron,1,Light Side,Tank,Leader|Resistance,Offense Down|Expose|Remove Turn Meter|Taunt|Buff Immunity,https://game-assets.swgoh.gg/textures/tex.charui_poe.png,XWINGBLACKONE,Legacy,5,5,6
POGGLETHELESSER,Poggle the Lesser,1,Dark Side,Support,Leader|Geonosian|Separatist,Assist|Remove Turn Meter|Target Lock|Dispel|+Speed|Gain Turn Meter|Ability Block|Offense Up|Revive,https://game-assets.swgoh.gg/textures/tex.charui_geonosian_poggle.png,,Legacy,3,5,6
PRINCESSKNEESAA,Princess Kneesaa,1,Light Side,Attacker,Ewok,Bonus Turn|Remove Turn Meter|Critical Chance Up|Gain Turn Meter|Critical Damage Up|Counter|Foresight|Dispel|+Speed|Retribution|AoE|Assist|Potency Down|Daze|Damage Over Time|Protection Up|Speed Down|Stun|Offense Up,https://game-assets.swgoh.gg/textures/tex.charui_princesskneesaa.png,,Legacy,7,7,7
PRINCESSLEIA,Princess Leia,1,Light Side,Attacker,Leader|Rebel,Counter|Tenacity Up|Bonus Attack|Foresight|Offense Up|Critical Chance Up|Gain Turn Meter|+Critical|Retribution|Critical Damage Up|Stealth,https://game-assets.swgoh.gg/textures/tex.charui_leia_princess.png,,Legacy,3,6,7
QIRA,Qi'ra,1,Light Side,Support,Leader|Mercenary|Scoundrel|Smuggler,Counter|Offense Down|Prepared|AoE|Assist|Expose|Stagger|Dispel|+Speed|Daze|Defense Penetration Up|Gain Turn Meter|+Critical|Health Steal Up,https://game-assets.swgoh.gg/textures/tex.charui_qira.png,,Legacy,5,6,7
QUEENAMIDALA,Queen Amidala,1,Light Side,Support,Leader|Galactic Republic,Bonus Turn|Vulnerable|Remove Turn Meter|Gain Turn Meter|Critical Damage Up|Damage Immunity|+Defense|Protection Over Time|Heal Over Time|Counter|Defense Up|Stagger|Taunt|Dispel|+Speed|Defense Penetration Up|Doubt|Accuracy Up|Advantage|Revive|Summon|AoE|Assist|Expose|Healing Immunity|Potency Down|Tenacity Down|+Max Health|Damage Over Time|Fear|Tenacity Up|Protection Up|Speed Down|Speed Up|Offense Up|Stealth,https://game-assets.swgoh.gg/textures/tex.charui_queenamidala.png,,Conquest,7,9,9
QUIGGOLD,Quiggold,1,Dark Side,Tank,Pirate|Scoundrel|Order 66 Raid,Defense Down|Remove Turn Meter|Gain Turn Meter|Damage Immunity|Foresight|Defense Up|Blind|Taunt|Dispel|Profit|Revive|Anti-Revive|AoE|Tenacity Down|Damage Over Time|Tenacity Up|Protection Up|Reset Cooldown|Stun|Retaliate,https://game-assets.swgoh.gg/textures/tex.charui_quiggold.png,,Piracy,5,7,9
QUIGONJINN,Qui-Gon Jinn,1,Light Side,Support,Leader|Galactic Republic|Jedi|Jedi Vanguard|Order 66 Raid,Counter|Stealth|Foresight|Assist|Heal|Remove Turn Meter|Dispel|+Speed|Gain Turn Meter|Offense Up|Revive|Damage Immunity|Anti-Revive,https://game-assets.swgoh.gg/textures/tex.charui_quigon.png,,Legacy,5,5,6
R2D2_LEGENDARY,R2-D2,1,Light Side,Support,Droid|Galactic Republic|Rebel|Resistance,Burning|Foresight|AoE|Dispel|Stun|Gain Turn Meter|Revive|Advantage|Stealth,https://game-assets.swgoh.gg/textures/tex.charui_astromech_r2d2.png,,Legacy,8,9,9
R5D4,R5-D4,1,Light Side,Support,Droid|New Republic|Rebel|Rebel Fighter,Bonus Turn|Counter|Damage Over Time|Reduce Cooldowns|AoE|Assist|Expose|Deflective Ward|Protection Up|Dispel|Shock|Stun|Retaliate|Daze|Taunt|Ability Block|Revive|Damage Immunity,https://game-assets.swgoh.gg/textures/tex.charui_r5d4.png,,New Republic,4,4,6
RACCOON,Rotta the Hutt,1,Light Side,Attacker,Leader|Hutt Cartel,Bonus Turn|Heal|Remove Turn Meter|Gain Turn Meter|+Tenacity|Damage Immunity|+Defense|Counter|Blind|Taunt|Dispel|+Speed|Thermal Detonator|Revive|Anti-Revive|AoE|Assist|Healing Immunity|Daze|Ability Block|Off Balance|Instant Defeat|+Max Health|Fear|Speed Down|Stun|+Critical,https://game-assets.swgoh.gg/textures/tex.charui_rotta.png,,New Republic,4,4,4
RANGERZEB,Zeb Orrelios (New Republic Pilot),1,Light Side,Tank,New Republic,Vulnerable|Defense Down|Remove Turn Meter|Frenzy|Gain Turn Meter|Damage Immunity|Heal Over Time|Counter|Foresight|Defense Up|Blind|Taunt|Dispel|Potency Up|Armor Shred|Protection Disruption|Offense Down|AoE|Potency Down|Accuracy Down|Tenacity Up|Protection Up|Offense Up|Stealth,https://game-assets.swgoh.gg/textures/tex.charui_rangerzeb.png,,New Republic,4,4,5
RANGETROOPER,Range Trooper,1,Dark Side,Support,Empire|Imperial Trooper,Counter|Retribution|Protection Up|Assist,https://game-assets.swgoh.gg/textures/tex.charui_trooperranger.png,,Legacy,5,5,6
REMNANTSNOWCOMMANDER,Snowtrooper Commander,1,Dark Side,Tank,Leader|Empire|Imperial Remnant|Imperial Trooper,Vulnerable|Remove Turn Meter|Gain Turn Meter|+Tenacity|+Defense|Defense Up|Taunt|Dispel|+Speed|Advantage|Reduce Cooldowns|Offense Down|Assist|Ability Block|Alert|Tenacity Down|+Max Health|Protection Up|Speed Down|Stun|+Critical|Offense Up|Stealth,https://game-assets.swgoh.gg/textures/tex.charui_remnantsnowcommander.png,,New Republic,4,4,6
RESISTANCEPILOT,Resistance Pilot,1,Light Side,Attacker,Resistance,Foresight|Expose|Gain Turn Meter,https://game-assets.swgoh.gg/textures/tex.charui_resistancepilot.png,XWINGRESISTANCE,Legacy,5,5,5
RESISTANCETROOPER,Resistance Trooper,1,Light Side,Attacker,Resistance,Dispel|Speed Down|Expose|Gain Turn Meter,https://game-assets.swgoh.gg/textures/tex.charui_resistancetrooper.png,MG100STARFORTRESSSF17,Legacy,5,5,5
REY,Rey (Scavenger),1,Light Side,Attacker,Resistance|Unaligned Force User,Offense Up|Foresight|Daze,https://game-assets.swgoh.gg/textures/tex.charui_reyjakku.png,MILLENNIUMFALCONEP7,Legacy,7,8,8
REYJEDITRAINING,Rey (Jedi Training),1,Light Side,Tank,Leader|Resistance|Unaligned Force User,Counter|Reduce Cooldowns|Foresight|Offense Down|Expose|Assist|Healing Immunity|Remove Turn Meter|Offense Up|Dispel|Speed Down|Daze|Gain Turn Meter|Ability Block|+Critical|Critical Damage Up,https://game-assets.swgoh.gg/textures/tex.charui_rey_tlj.png,,Legacy,7,7,7
ROSETICO,Rose Tico,1,Light Side,Attacker,Resistance,Tenacity Up|Bonus Attack|Defense Up|Expose|Remove Turn Meter|Stun|Gain Turn Meter|Daze,https://game-assets.swgoh.gg/textures/tex.charui_rose.png,MG100STARFORTRESSSF17,Legacy,5,5,6
ROYALGUARD,Royal Guard,1,Dark Side,Tank,Empire,Counter|Health Up|Defense Up|Taunt|Speed Down|Stun|Retribution|Heal Over Time,https://game-assets.swgoh.gg/textures/tex.charui_royalguard.png,EMPERORSSHUTTLE,Legacy,5,7,7
SABINEWRENS3,Sabine Wren,1,Light Side,Attacker,Mandalorian|Phoenix|Rebel,Counter|Reduce Cooldowns|Expose|AoE|Stagger|Critical Chance Up|Armor Shred|Offense Up,https://game-assets.swgoh.gg/textures/tex.charui_sabine_s3.png,PHANTOM2,Legacy,3,6,7
SANASTARROS,Sana Starros,1,Light Side,Attacker,Leader|Mercenary|Pirate|Scoundrel|Smuggler|Order 66 Raid,Bonus Turn|Vulnerable|Remove Turn Meter|Critical Chance Up|Gain Turn Meter|+Tenacity|+Defense|Counter|Stagger|Taunt|Dispel|+Speed|Profit|Reduce Cooldowns|AoE|Assist|Healing Immunity|Target Lock|Daze|Tenacity Down|+Max Health|Tenacity Up|Protection Up|Stealth,https://game-assets.swgoh.gg/textures/tex.charui_sanastarros.png,,Legacy,5,5,5
SATELESHAN,Satele Shan,1,Light Side,Tank,Leader|Jedi|Old Republic,Bonus Turn|Remove Turn Meter|Gain Turn Meter|+Tenacity|Defense Up|Taunt|Dispel|Jedi Lessons|+Speed|Doubt|Perfect Defense|Marked|Buff Immunity|Instant Defeat Immunity|Revive|Reduce Cooldowns|AoE|Assist|Healing Immunity|Daze|Instant Defeat|Tenacity Down|Tenacity Up|Fear|Protection Up|Speed Down|Stun,https://game-assets.swgoh.gg/textures/tex.charui_sateleshan.png,,Conquest,7,9,9
SAVAGEOPRESS,Savage Opress,1,Dark Side,Attacker,Leader|Sith,Counter|Vulnerable|Offense Down|Defense Up|Resilient Defense|Offense Up|Dispel|Critical Chance Up|Taunt|+Speed|Gain Turn Meter|+Tenacity|Critical Damage Up|+Defense|Heal Over Time,https://game-assets.swgoh.gg/textures/tex.charui_savageopress.png,,Legacy,5,7,7
SAWGERRERA,Saw Gerrera,1,Light Side,Support,Leader|Rebel|Rebel Fighter,Bonus Turn|Defense Down|Remove Turn Meter|Gain Turn Meter|+Tenacity|Critical Damage Up|+Defense|Heal Over Time|Counter|Critical Hit Immunity|Defense Up|Blind|Stagger|Taunt|Dispel|+Speed|Marked|Revive|Reduce Cooldowns|AoE|Assist|+Max Health|Burning|Tenacity Up|Critical Damage Down|Stun|Speed Up|Offense Up|Stealth,https://game-assets.swgoh.gg/textures/tex.charui_sawgerrera.png,,Legacy,5,7,7
SCARIFREBEL,Scarif Rebel Pathfinder,1,Light Side,Tank,Rebel|Rebel Fighter|Rogue One,Offense Down|AoE|Offense Up|Taunt|+Speed|Gain Turn Meter|Speed Up|Accuracy Up|Revive,https://game-assets.swgoh.gg/textures/tex.charui_rebel_scarif.png,UWINGSCARIF,Legacy,5,5,5
SCORCH,"RC-1262 ""Scorch""",1,Dark Side,Tank,Clone Trooper|Empire|Order 66 Raid,Counter|Damage Over Time|AoE|Assist|Protection Up|Deflective Ward|Stagger|Dispel|Taunt|Speed Down|+Speed|Gain Turn Meter|Stun|Off Balance,https://game-assets.swgoh.gg/textures/tex.charui_scorch.png,,Revenge of the Sith,6,9,9
SCOUTTROOPER_V3,Scout Trooper,1,Dark Side,Support,Empire|Imperial Remnant|Imperial Trooper,AoE|Assist|Expose|Remove Turn Meter|Offense Up|Dispel|Stagger|Potency Up|+Speed|Critical Damage Up|Daze|Gain Turn Meter|Speed Down|Speed Up|Accuracy Up|Advantage|Stealth|Accuracy Down,https://game-assets.swgoh.gg/textures/tex.charui_trooperscout.png,,Legacy,7,8,8
SECONDSISTER,Second Sister,1,Dark Side,Attacker,Leader|Empire|Inquisitorius|Unaligned Force User,Counter|Remove Turn Meter|Dispel|Stun|+Speed|Gain Turn Meter|Purge|Healing|Marked|Stealth,https://game-assets.swgoh.gg/textures/tex.charui_secondsister.png,TIEINTERCEPTOR,Legacy,5,7,7
SEVENTHSISTER,Seventh Sister,1,Dark Side,Healer,Leader|Empire|Inquisitorius|Unaligned Force User,Heal|Remove Turn Meter|Gain Turn Meter|Evasion Up|Counter|Critical Hit Immunity|Foresight|Dispel|+Speed|Advantage|Offense Down|Assist|Healing Immunity|+Evasion|Daze|Purge|Ability Block|Accuracy Down|Speed Down|Offense Up,https://game-assets.swgoh.gg/textures/tex.charui_seventhsister.png,,Legacy,5,8,8
SHAAKTI,Shaak Ti,1,Light Side,Support,Leader|Galactic Republic|Jedi|Jedi Vanguard|Order 66 Raid,Counter|+Max Health|Tenacity Up|Bonus Attack|Critical Hit Immunity|Assist|Taunt|Dispel|Critical Chance Up|+Speed|Gain Turn Meter|Speed Up|Retribution|Offense Up|Stealth,https://game-assets.swgoh.gg/textures/tex.charui_shaakti.png,,Legacy,7,7,7
SHINHATI,Shin Hati,1,Dark Side,Attacker,Mercenary|Unaligned Force User,Bonus Turn|Critical Chance Down|Vulnerable|Defense Down|Remove Turn Meter|Soldier of Fortune|Gain Turn Meter|Critical Damage Up|Damage Immunity|Health Steal Up|Counter|Critical Hit Immunity|Foresight|Taunt|Dispel|+Speed|Relic Scaling|Buff Immunity|Retribution|Revive|Offense Down|AoE|Assist|Daze|Purge|Bonus Attack|Fear|Protection Up|Stun|Riposte|Offense Up|Stealth,https://game-assets.swgoh.gg/textures/tex.charui_shinhati.png,,Legacy,7,7,8
SHORETROOPER,Shoretrooper,1,Dark Side,Tank,Empire|Imperial Trooper,Counter|Critical Chance Down|Critical Hit Immunity|Heal|Taunt|Gain Turn Meter,https://game-assets.swgoh.gg/textures/tex.charui_troopershore.png,TIEREAPER,Legacy,5,5,7
SITHASSASSIN,Sith Assassin,1,Dark Side,Attacker,Sith|Sith Empire,Tenacity Up|Foresight|Dispel|Stun|Evasion Down|Gain Turn Meter|Speed Up|Offense Up|Stealth,https://game-assets.swgoh.gg/textures/tex.charui_sithassassin.png,SITHFIGHTER,Legacy,5,8,8
SITHMARAUDER,Sith Marauder,1,Dark Side,Attacker,Sith|Sith Empire,Counter|Offense Down|Potency Up|Gain Turn Meter,https://game-assets.swgoh.gg/textures/tex.charui_sithmarauder.png,SITHBOMBER,Legacy,7,7,7
SITHPALPATINE,Sith Eternal Emperor,1,Dark Side,Attacker,Leader|Galactic Legend|Sith,Bonus Turn|Gain Turn Meter|+Defense|Counter|Taunt|Dispel|+Speed|Relic Scaling|Retribution|Revive|Anti-Revive|AoE|Assist|Expose|Shock|Ability Block|Instant Defeat|Stun|Speed Up,https://game-assets.swgoh.gg/textures/tex.charui_espalpatine_pre.png,,Legacy,7,9,9
SITHTROOPER,Sith Empire Trooper,1,Dark Side,Tank,Sith|Sith Empire,Counter|Offense Down|Defense Up|AoE|Protection Up|Defense Down|Taunt|Retribution,https://game-assets.swgoh.gg/textures/tex.charui_sithtrooper.png,SITHSUPREMACYCLASS,Legacy,7,7,7
SM33,SM-33,1,Dark Side,Attacker,Droid|Pirate|Scoundrel|Order 66 Raid,Bonus Turn|Remove Turn Meter|Gain Turn Meter|Counter|Defense Up|Stagger|Taunt|Dispel|+Speed|Defense Penetration Up|Profit|Buff Immunity|Revive|Anti-Revive|Assist|Healing Immunity|Daze|Ability Block|Instant Defeat|Burning|Damage Over Time|Tenacity Up|Critical Avoidance Up|Reset Cooldown,https://game-assets.swgoh.gg/textures/tex.charui_sm33.png,,Conquest,7,9,9
SMUGGLERCHEWBACCA,Veteran Smuggler Chewbacca,1,Light Side,Attacker,Resistance|Scoundrel|Wookiee|Smuggler,Bonus Turn|AoE|Reset Cooldown|Dispel|Speed Down|Stun|Gain Turn Meter|Daze,https://game-assets.swgoh.gg/textures/tex.charui_tfa_chewbacca.png,,Legacy,5,7,7
SMUGGLERHAN,Veteran Smuggler Han Solo,1,Light Side,Attacker,Mercenary|Resistance|Scoundrel|Smuggler,Bonus Turn|Counter|Bonus Attack|AoE|Reset Cooldown|Stagger|Stun|Gain Turn Meter|Ability Block,https://game-assets.swgoh.gg/textures/tex.charui_tfa_han.png,,Legacy,5,4,5
SNOWTROOPER,Snowtrooper,1,Dark Side,Attacker,Empire|Imperial Trooper|Imperial Remnant,Ability Block|Gain Turn Meter|AoE|Critical Damage Up,https://game-assets.swgoh.gg/textures/tex.charui_troopersnow.png,,Legacy,5,5,5
STAP,STAP,1,Dark Side,Attacker,Droid|Separatist,Bonus Turn|Provoked|AoE|Assist|Target Lock|Dispel|Speed Down|Breach|+Speed|Gain Turn Meter|Overcharge,https://game-assets.swgoh.gg/textures/tex.charui_stap.png,,Legacy,3,6,7
STARKILLER,Starkiller,1,Dark Side,Attacker,Unaligned Force User,Bonus Turn|Vulnerable|Heal|Damage Immunity|Counter|Critical Hit Immunity|Taunt|Dispel|+Speed|Buff Immunity|Reduce Cooldowns|AoE|Assist|Healing Immunity|Shock|Daze|Fear|Reset Cooldown|Stun,https://game-assets.swgoh.gg/textures/tex.charui_starkiller.png,,Legacy,6,9,9
STORMTROOPER,Stormtrooper,1,Dark Side,Tank,Empire|Imperial Remnant|Imperial Trooper,Defense Up|Protection Up|Expose|Remove Turn Meter|Taunt,https://game-assets.swgoh.gg/textures/tex.charui_trooperstorm.png,,Legacy,5,5,7
STORMTROOPERCONCEPT,Stormtrooper (Concept),1,Dark Side,Tank,Empire|Imperial Trooper,Counter|Defense Up|Protection Up|Assist|Taunt|Dispel|Stun|Daze|Gain Turn Meter|Advantage,https://game-assets.swgoh.gg/textures/tex.charui_stormtrooperconcept.png,,Myths & Legends,,,
STORMTROOPERHAN,Stormtrooper Han,1,Light Side,Tank,Leader|Rebel|Scoundrel,Remove Turn Meter|Taunt|+Defense|Gain Turn Meter,https://game-assets.swgoh.gg/textures/tex.charui_trooperstorm_han.png,,Legacy,4,6,7
STORMTROOPERLUKE,Stormtrooper Luke,1,Light Side,Support,Leader|Rebel,Bonus Turn|Vulnerable|Remove Turn Meter|Gain Turn Meter|+Defense|Counter|Critical Hit Immunity|Foresight|Defense Up|Taunt|Dispel|+Speed|Protection Disruption|AoE|Assist|Expose|+Evasion|Daze|Ability Block|+Max Health|Tenacity Up|Buff Disruption|Protection Up|Stun|+Critical|Offense Up|Stealth,https://game-assets.swgoh.gg/textures/tex.charui_stormtrooperluke.png,,Anniversary,6,7,7
STRANGER,The Stranger,1,Dark Side,Attacker,Leader|Sith,Bonus Turn|Defense Down|Gain Turn Meter|+Defense|Counter|Dispel|+Speed|Armor Shred|Fracture|Perfect Defense|Relic Scaling|Retribution|Revive|AoE|Assist|Expose|Instant Defeat|Alert|Tenacity Down|Reset Cooldown|Stun|Healing|+Critical,https://game-assets.swgoh.gg/textures/tex.charui_stranger.png,,Conquest,7,9,9
SUNFAC,Sun Fac,1,Dark Side,Tank,Geonosian|Separatist,Counter|Critical Chance Down|Health Up|Defense Up|Offense Down|Blind|Remove Turn Meter|Stagger|Taunt|Dispel|Daze|Health Steal Up,https://game-assets.swgoh.gg/textures/tex.charui_geonosian_sunfac.png,GEONOSIANSTARFIGHTER1,Legacy,3,5,6
SUPREMELEADERKYLOREN,Supreme Leader Kylo Ren,1,Dark Side,Attacker,Leader|First Order|Galactic Legend|Unaligned Force User,Bonus Turn|Counter|AoE|Stagger|Taunt|Dispel|Stun|+Speed|Gain Turn Meter|Relic Scaling|Buff Immunity|Critical Damage Up|Advantage|Revive|Anti-Revive,https://game-assets.swgoh.gg/textures/tex.charui_kyloren_tros.png,,Legacy,8,9,9
T3_M4,T3-M4,1,Light Side,Support,Droid|Old Republic,Counter|Critical Chance Down|Critical Hit Immunity|Offense Down|AoE|Heal|Remove Turn Meter|Target Lock|Dispel|Ability Block|Offense Up|Stealth,https://game-assets.swgoh.gg/textures/tex.charui_t3m4.png,EBONHAWK,Legacy,5,5,5
TALIA,Talia,1,Dark Side,Healer,Leader|Nightsister,+Max Health|Damage Over Time|Stagger|+Evasion|Dispel|Gain Turn Meter,https://game-assets.swgoh.gg/textures/tex.charui_nightsister_talia.png,,Legacy,3,5,5
TARFFUL,Tarfful,1,Light Side,Support,Leader|Wookiee,Provoked|Heal|Gain Turn Meter|+Tenacity|Critical Damage Up|+Defense|Counter|Foresight|Defense Up|Taunt|Dispel|Potency Up|+Speed|Defense Penetration Up|Retribution|Advantage|AoE|Assist|+Max Health|Damage Over Time|Tenacity Up|Health Up|Protection Up|Stun|Speed Up,https://game-assets.swgoh.gg/textures/tex.charui_tarfful.png,,Legacy,5,7,7
TARONMALICOS,Taron Malicos,1,Dark Side,Attacker,Unaligned Force User,Bonus Turn|Vulnerable|Defense Down|Critical Chance Up|Gain Turn Meter|Critical Damage Up|Damage Immunity|Counter|Critical Hit Immunity|Defense Up|Taunt|Dispel|Buff Immunity|Accuracy Up|Revive|Anti-Revive|Reduce Cooldowns|AoE|Assist|Healing Immunity|Daze|Protection Up|Reset Cooldown|Stun|Riposte|Offense Up,https://game-assets.swgoh.gg/textures/tex.charui_taronmalicos.png,,Conquest,6,8,9
TEEBO,Teebo,1,Light Side,Tank,Leader|Ewok,Remove Turn Meter|Dispel|Stealth|Gain Turn Meter,https://game-assets.swgoh.gg/textures/tex.charui_ewok_teebo.png,,Legacy,4,5,5
THEMANDALORIAN,The Mandalorian,1,Light Side,Attacker,Leader|Bounty Hunter|Mandalorian|Scoundrel,Counter|Assist|Critical Chance Up|+Speed|Gain Turn Meter|+Tenacity|Instant Defeat|+Critical|Critical Damage Up|Revive|Anti-Revive,https://game-assets.swgoh.gg/textures/tex.charui_mandalorian.png,,Legacy,5,7,7
THEMANDALORIANBESKARARMOR,The Mandalorian (Beskar Armor),1,Light Side,Attacker,Leader|Mandalorian|Mercenary|Scoundrel,Bonus Turn|+Max Health|Counter|Damage Over Time|Stealth|Tenacity Up|AoE|Assist|Healing Immunity|Remove Turn Meter|Reset Cooldown|Dispel|Taunt|Gain Turn Meter|Ability Block|Revive|Damage Immunity|Anti-Revive,https://game-assets.swgoh.gg/textures/tex.charui_mandobeskar.png,RAZORCREST,Legacy,7,8,8
THERONIN,The Ronin,1,Dark Side,Attacker,Sith,Bonus Turn|Gain Turn Meter|Counter|Taunt|Dispel|+Speed|Armor Shred|Defense Penetration Up|Revive|Advantage|Summon|AoE|Resilient Defense|Shock|Alert|Protection Up|Speed Up|Offense Up|Stealth,https://game-assets.swgoh.gg/textures/tex.charui_theronin.png,,Myths & Legends,,,
THIRDSISTER,Third Sister,1,Dark Side,Tank,Leader|Empire|Inquisitorius|Unaligned Force User,Defense Down|Gain Turn Meter|Critical Damage Up|+Defense|Counter|Taunt|Deathmark|Dispel|+Speed|Armor Shred|Defense Penetration Up|Revive|AoE|Healing Immunity|Purge|Ability Block|+Max Health|Protection Up|Stun,https://game-assets.swgoh.gg/textures/tex.charui_thirdsister.png,,Legacy,7,8,9
TIEFIGHTERPILOT,TIE Fighter Pilot,1,Dark Side,Attacker,Empire|Imperial Remnant,Foresight|AoE|Gain Turn Meter|Ability Block|Buff Immunity|Tenacity Down,https://game-assets.swgoh.gg/textures/tex.charui_tiepilot.png,TIEFIGHTERIMPERIAL,Legacy,5,5,6
TRENCH,Admiral Trench,1,Dark Side,Support,Leader|Separatist,Bonus Turn|Remove Turn Meter|Gain Turn Meter|+Defense|Protection Over Time|Heal Over Time|Counter|Tactical Supremacy|Foresight|Stagger|Dispel|+Speed|Buff Immunity|Advantage|Assist|Healing Immunity|Shock|Ability Block|+Max Health|Burning|Fear|Tenacity Up|Protection Up|Stun|Stealth,https://game-assets.swgoh.gg/textures/tex.charui_admiraltrench.png,,Conquest,5,7,7
TRIPLEZERO,0-0-0,1,Dark Side,Support,Droid|Scoundrel,Counter|Reduce Cooldowns|AoE|Target Lock|Torture|Dispel|Shock|Stun|Gain Turn Meter|Offense Up,https://game-assets.swgoh.gg/textures/tex.charui_triplezero.png,,Legacy,5,7,7
TUSKENCHIEFTAIN,Tusken Chieftain,1,Dark Side,Support,Leader|Tusken,Bonus Turn|Damage Over Time|Momentum|Reduce Cooldowns|Protection Up|Assist|Remove Turn Meter|Dispel|Stun|Relic Scaling|Gain Turn Meter|+Tenacity|+Defense,https://game-assets.swgoh.gg/textures/tex.charui_tuskenchieftain.png,,Legacy,5,5,7
TUSKENHUNTRESS,Tusken Warrior,1,Dark Side,Attacker,Tusken,Bonus Turn|Counter|Damage Over Time|Bonus Attack|Momentum|AoE|Defense Down|Reset Cooldown|Dispel|Critical Damage Up,https://game-assets.swgoh.gg/textures/tex.charui_tuskenhuntress.png,,Legacy,5,6,7
TUSKENRAIDER,Tusken Raider,1,Dark Side,Attacker,Tusken,Counter|Assist|Remove Turn Meter|Taunt|Dispel|+Speed|Revive,https://game-assets.swgoh.gg/textures/tex.charui_tuskenraider.png,,Legacy,5,5,6
TUSKENSHAMAN,Tusken Shaman,1,Dark Side,Healer,Tusken,Damage Over Time|Offense Up|Gain Turn Meter,https://game-assets.swgoh.gg/textures/tex.charui_tuskenshaman.png,,Legacy,5,5,5
UGNAUGHT,Ugnaught,1,Light Side,Support,,Defense Down|Stun|AoE|Gain Turn Meter,https://game-assets.swgoh.gg/textures/tex.charui_ugnaught.png,,Legacy,6,7,7
UNDERCOVERLANDO,Skiff Guard (Lando Calrissian),1,Light Side,Attacker,Hutt Cartel|Scoundrel|Smuggler,Bonus Turn|Counter|Damage Over Time|Bonus Attack|Health Up|Defense Up|Assist|Dispel|Potency Up|+Speed|Armor Shred|Speed Up|Retribution|Stealth,https://game-assets.swgoh.gg/textures/tex.charui_undercoverlando.png,,Legacy,5,7,8
URORRURRR,URoRRuR'R'R,1,Dark Side,Support,Leader|Tusken,Stun|Gain Turn Meter|Speed Up|Offense Up|+Defense,https://game-assets.swgoh.gg/textures/tex.charui_urorrurrr.png,,Legacy,5,5,5
VADER,Darth Vader,1,Dark Side,Attacker,Leader|Empire|Sith,Bonus Turn|Counter|Damage Over Time|Fear|AoE|Remove Turn Meter|Taunt|Dispel|Speed Down|+Speed|Gain Turn Meter|Stun|Ability Block|Offense Up|Stealth,https://game-assets.swgoh.gg/textures/tex.charui_vader.png,TIEADVANCED,Legacy,7,7,8
VADERDUELSEND,Darth Vader (Duel's End),1,Dark Side,Attacker,Empire|Sith,Bonus Turn|Gain Turn Meter|Counter|Defense Up|Taunt|Deathmark|Dispel|Potency Up|+Speed|Fracture|Marked|Buff Immunity|Revive|Reduce Cooldowns|AoE|Assist|Shock|Daze|Ability Block|Burning|Damage Over Time|Fear|Speed Down|Evasion Down|Stun,https://game-assets.swgoh.gg/textures/tex.charui_vaderduelsend.png,,Anniversary,5,7,8
VANE,Vane,1,Dark Side,Tank,Pirate|Scoundrel|Order 66 Raid,Counter|Offense Down|AoE|Protection Up|Defense Down|Taunt|Dispel|Potency Down|Stun|Evasion Down|Daze|Profit|Purge|Evasion Up|Offense Up|Tenacity Down,https://game-assets.swgoh.gg/textures/tex.charui_vane.png,,Piracy,7,9,9
VANGUARDTEMPLEGUARD,Temple Guard,1,Light Side,Tank,Galactic Republic|Jedi|Jedi Vanguard|Order 66 Raid,Counter|Bonus Attack|Critical Avoidance Up|AoE|Protection Up|Defense Down|Remove Turn Meter|Taunt|Dispel|Gain Turn Meter|Ability Block|Stealth,https://game-assets.swgoh.gg/textures/tex.charui_vanguardtempleguard.png,,Revenge of the Sith,6,9,9
VEERS,General Veers,1,Dark Side,Support,Leader|Empire|Imperial Trooper,AoE|Assist|+Speed|Gain Turn Meter|Ability Block|Speed Up|Offense Up,https://game-assets.swgoh.gg/textures/tex.charui_veers.png,,Legacy,3,5,6
VEL,Vel Sartha,1,Light Side,Support,Rebel|Rebel Fighter,Counter|Offense Down|AoE|Blind|Assist|Deflective Ward|Expose|Dispel|Critical Chance Up|Protection Up|Reset Cooldown|Gain Turn Meter|Resilient Defense|Undermine|Critical Damage Up|Damage Immunity,https://game-assets.swgoh.gg/textures/tex.charui_vel.png,,Andor,2,7,7
VISASMARR,Visas Marr,1,Light Side,Healer,Unaligned Force User,Counter|AoE|Assist|Dispel|Defense Penetration Up|Revive|Health Steal Up,https://game-assets.swgoh.gg/textures/tex.charui_visas.png,,Legacy,5,7,7
WAMPA,Wampa,1,Dark Side,Attacker,,Counter|Damage Over Time|AoE|Expose|Healing Immunity|Protection Up|Stagger|Dispel|Stun|Daze|Gain Turn Meter,https://game-assets.swgoh.gg/textures/tex.charui_wampa.png,,Legacy,5,7,8
WATTAMBOR,Wat Tambor,1,Dark Side,Support,Separatist,Bonus Turn|Damage Over Time|Assist|Remove Turn Meter|Taunt|Dispel|Gain Turn Meter|Heal Over Time|Revive|Protection Over Time|Anti-Revive,https://game-assets.swgoh.gg/textures/tex.charui_wattambor.png,,Legacy,7,7,7
WEDGEANTILLES,Wedge Antilles,1,Light Side,Attacker,Leader|Rebel|Rebel Fighter,Defense Down|+Max Health|AoE|+Speed,https://game-assets.swgoh.gg/textures/tex.charui_rebelpilot_wedge.png,XWINGRED2,Legacy,3,4,5
WICKET,Wicket,1,Light Side,Attacker,Ewok,AoE|Assist|Critical Chance Up|Gain Turn Meter|Critical Damage Up|Stealth,https://game-assets.swgoh.gg/textures/tex.charui_ewok_wicket.png,,Legacy,3,3,5
WRECKERS3,Wrecker (Mercenary),1,Light Side,Tank,Bad Batch|Mercenary|Order 66 Raid,Bonus Turn|Counter|Defense Up|AoE|Healing Immunity|Defense Down|Remove Turn Meter|Reset Cooldown|Dispel|Stagger|Speed Down|Soldier of Fortune|Gain Turn Meter|Taunt|Tenacity Down|Revive|Stealth|Disarm,https://game-assets.swgoh.gg/textures/tex.charui_wreckers3.png,,the Cavalry,5,7,8
YODACHEWBACCA,Yoda & Chewie,1,Light Side,Support,Galactic Republic|Jedi|Wookiee,Counter|Damage Over Time|Fear|Foresight|Vulnerable|AoE|Assist|Remove Turn Meter|Dispel|Frenzy|+Speed|Gain Turn Meter|Off Balance|Speed Up|Retribution|Advantage|Disarm,https://game-assets.swgoh.gg/textures/tex.charui_yodachewbacca.png,,Anniversary,6,7,7
YODADSV,Yoda (Dark Side Vision),1,Dark Side,Healer,Sith,Bonus Turn|Counter|Stealth|AoE|Buff Disruption|Reset Cooldown|Dispel|Potency Up|+Speed|Daze|Gain Turn Meter|Stun|Heal Over Time|Revive|Damage Immunity|Protection Over Time|Anti-Revive,https://game-assets.swgoh.gg/textures/tex.charui_yodadsv.png,,Myths & Legends,,,
YOUNGCHEWBACCA,Vandor Chewbacca,1,Light Side,Tank,Mercenary|Scoundrel|Smuggler|Wookiee,Counter|Prepared|Protection Up|AoE|Revive|Advantage,https://game-assets.swgoh.gg/textures/tex.charui_chewbacca_vandor.png,,Legacy,5,6,7
YOUNGHAN,Young Han Solo,1,Light Side,Attacker,Mercenary|Scoundrel|Smuggler,Counter|Prepared|Protection Up|Assist|Speed Down|Retribution|Critical Damage Up,https://game-assets.swgoh.gg/textures/tex.charui_han_young.png,,Legacy,6,5,5
YOUNGLANDO,Young Lando Calrissian,1,Light Side,Attacker,Mercenary|Scoundrel|Smuggler,Bonus Turn|Counter|Prepared|Dispel|Potency Down|Potency Up|Gain Turn Meter|Ability Block|Speed Up|Stealth,https://game-assets.swgoh.gg/textures/tex.charui_younglando.png,MILLENNIUMFALCONPRISTINE,Legacy,5,6,6
ZAALBAR,Zaalbar,1,Light Side,Tank,Mercenary|Old Republic|Scoundrel|Wookiee,Bonus Turn|Counter|Damage Over Time|Defense Up|AoE|Assist|Expose|Taunt|Dispel|+Speed|Armor Shred|Daze|Gain Turn Meter|Instant Defeat|Retribution|Revive|Stealth,https://game-assets.swgoh.gg/textures/tex.charui_zaalbar.png,,Legacy,4,7,7
ZAMWESELL,Zam Wesell,1,Dark Side,Attacker,Leader|Bounty Hunter|Mercenary|Scoundrel,Counter|AoE|Dispel|Evasion Down|+Speed|Gain Turn Meter|Speed Up|Thermal Detonator|Stealth,https://game-assets.swgoh.gg/textures/tex.charui_zamwesell.png,,Legacy,7,7,7
ZEBS3,"Garazeb ""Zeb"" Orrelios",1,Light Side,Tank,Rebel|Phoenix,Counter|Tenacity Up|Protection Up|Expose|Stagger|Stun|Gain Turn Meter|Daze|Retribution,https://game-assets.swgoh.gg/textures/tex.charui_zeb_s3.png,GHOST,Legacy,3,5,5
ZORIIBLISS_V2,Zorii Bliss,1,Light Side,Support,Resistance|Scoundrel|Smuggler,Bonus Turn|Heal|Remove Turn Meter|Gain Turn Meter|Critical Damage Up|Damage Immunity|Counter|Critical Hit Immunity|Taunt|Dispel|+Speed|Retribution|AoE|Assist|Expose|Healing Immunity|Tenacity Up|Protection Up|Speed Down|Stun|Speed Up|Stealth,https://game-assets.swgoh.gg/textures/tex.charui_zoriibliss.png,COMEUPPANCE,Legacy,5,5,7
ZUCKUSS,Zuckuss,1,Dark Side,Tank,Leader|Bounty Hunter|Scoundrel|Unaligned Force User,Counter|Bonus Attack|Foresight|Protection Up|Assist|Taunt|Dispel|Stun|+Speed|Daze|Gain Turn Meter|Speed Up|Stealth|Accuracy Down,https://game-assets.swgoh.gg/textures/tex.charui_zuckuss.png,,Deadly Pursuits,5,7,7
ARC170CLONESERGEANT,Clone Sergeant's ARC-170,2,Light Side,Tank,Galactic Republic|Clone Trooper,Defense Up|Taunt|Target Lock|Protection Up,https://game-assets.swgoh.gg/textures/tex.charui_arc170.png,,Legacy,,,
ARC170REX,Rex's ARC-170,2,Light Side,Tank,Galactic Republic|Clone Trooper,Defense Up|Target Lock|Gain Turn Meter|Health Up|Remove Turn Meter|Critical Chance Up,https://game-assets.swgoh.gg/textures/tex.charui_arc170_02.png,,Legacy,,,
BLADEOFDORIN,Plo Koon's Jedi Starfighter,2,Light Side,Support,Galactic Republic|Jedi,Target Lock|Taunt|Dispel|Protection Up|Gain Turn Meter|Critical Hit Immunity|Health Up,https://game-assets.swgoh.gg/textures/tex.charui_jedi_fighter_bladeofdorin.png,,Legacy,,,
BWINGREBEL,Rebel B-wing,2,Light Side,Attacker,Rebel,Counter|Protection Up|Assist|Target Lock|Daze|Evasion Down|Defense Down|AoE|Retribution|Reset Cooldown|Accuracy Down|Bonus Turn|Ability Block|Dispel|Offense Up|Gain Turn Meter|Tactical Supremacy|Critical Damage Up|Defense Up|Advantage,https://game-assets.swgoh.gg/textures/tex.charui_bwingrebel.png,,Deadly Pursuits,,,
CAPITALCHIMAERA,Chimaera,2,Dark Side,Unknown,Capital Ship|Empire,Heal|Defense Up|Ability Block|Dispel|Offense Up|Speed Down|Defense Down|Foresight|AoE|Offense Down|Remove Turn Meter|Instant Defeat|Assist|Critical Chance Up,https://game-assets.swgoh.gg/textures/tex.charui_chimaera.png,,Legacy,,,
CAPITALEXECUTOR,Executor,2,Dark Side,Unknown,Capital Ship|Empire,Evasion Up|Potency Up|Target Lock|Taunt|Dispel|Protection Up|Expose|Breach Immunity|Gain Turn Meter|Chaff|Foresight|AoE|Breach|Tenacity Up|Stun|Assist|Stealth,https://game-assets.swgoh.gg/textures/tex.charui_executor.png,,Legacy,,,
CAPITALFINALIZER,Finalizer,2,Dark Side,Unknown,Capital Ship|First Order,Offense Up|Bonus Turn|Target Lock|Dispel|Gain Turn Meter|AoE|Offense Down|Advantage|Critical Damage Up|Assist|+Speed,https://game-assets.swgoh.gg/textures/tex.charui_finalizer.png,,Legacy,,,
CAPITALJEDICRUISER,Endurance,2,Light Side,Unknown,Capital Ship|Galactic Republic|Jedi,Offense Up|Bonus Turn|Counter|Defense Up|Dispel|Protection Up|Target Lock|Taunt|Critical Hit Immunity|Gain Turn Meter|Defense Penetration Up|Retribution|Assist|Critical Chance Up|Stealth,https://game-assets.swgoh.gg/textures/tex.charui_venator.png,,Legacy,,,
CAPITALLEVIATHAN,Leviathan,2,Dark Side,Unknown,Capital Ship|Sith|Sith Empire,Bonus Attack|Fear|Reset Cooldown|Bonus Turn|Counter|Daze|Dispel|Taunt|Breach Immunity|Critical Hit Immunity|Gain Turn Meter|Shock|AoE|Breach|Remove Turn Meter|Stun|Doubt|Assist,https://game-assets.swgoh.gg/textures/tex.charui_leviathan.png,,Legacy,,,
CAPITALMALEVOLENCE,Malevolence,2,Dark Side,Unknown,Capital Ship|Droid|Separatist,Dispel|Overcharge|Gain Turn Meter|AoE|Offense Down|Remove Turn Meter|Stun|Assist,https://game-assets.swgoh.gg/textures/tex.charui_malevolence.png,,Legacy,,,
CAPITALMONCALAMARICRUISER,Home One,2,Light Side,Unknown,Capital Ship|Rebel,Reset Cooldown|Bonus Turn|Dispel|Protection Up|Gain Turn Meter|AoE|Advantage|Assist,https://game-assets.swgoh.gg/textures/tex.charui_moncalamarilibertycruiser.png,,Legacy,,,
CAPITALNEGOTIATOR,Negotiator,2,Light Side,Unknown,Capital Ship|Galactic Republic|Jedi,Offense Up|Target Lock|Daze|Dispel|Protection Up|Critical Hit Immunity|Gain Turn Meter|AoE|Offense Down|Critical Damage Up|Assist|Stealth,https://game-assets.swgoh.gg/textures/tex.charui_negotiator.png,,Legacy,,,
CAPITALPROFUNDITY,Profundity,2,Light Side,Unknown,Capital Ship|Rebel,Taunt|Counter|Protection Up|Speed Down|Burning|Tenacity Down|Assist|Daze|Critical Chance Down|AoE|Tenacity Up|Damage Immunity|Stealth|Marked|Offense Up|Bonus Turn|Ability Block|Dispel|Gain Turn Meter|Breach|Critical Damage Up|Buff Immunity|+Speed|Advantage|Stun|Vulnerable|Critical Chance Up,https://game-assets.swgoh.gg/textures/tex.charui_profundity.png,,Legacy,,,
CAPITALRADDUS,Raddus,2,Light Side,Unknown,Capital Ship|Resistance,Evasion Up|Healing Immunity|Dispel|Protection Up|Expose|Critical Hit Immunity|Gain Turn Meter|Foresight|AoE|Tenacity Up|Advantage|Assist|Stealth|Buff Immunity,https://game-assets.swgoh.gg/textures/tex.charui_raddus.png,,Legacy,,,
CAPITALSTARDESTROYER,Executrix,2,Dark Side,Unknown,Capital Ship|Empire,Offense Up|Potency Up|Counter|Ability Block|Target Lock|Expose|Gain Turn Meter|AoE|Defense Penetration Up|Retribution|Tenacity Down|Stun,https://game-assets.swgoh.gg/textures/tex.charui_stardestroyer.png,,Legacy,,,
COMEUPPANCE,Comeuppance,2,Light Side,Support,Resistance|Scoundrel|Smuggler,Potency Up|Bonus Turn|Counter|Dispel|Protection Up|Target Lock|Expose|Gain Turn Meter|Foresight|AoE|Remove Turn Meter|Critical Damage Up|Assist|Critical Chance Up,https://game-assets.swgoh.gg/textures/tex.charui_comeuppance.png,,Legacy,,,
COMMANDSHUTTLE,Kylo Ren's Command Shuttle,2,Dark Side,Support,First Order,Healing Immunity|Counter|Ability Block|Dispel|Protection Up|Gain Turn Meter|Remove Turn Meter|Advantage|+Speed,https://game-assets.swgoh.gg/textures/tex.charui_upsilon_shuttle_kylo.png,,Legacy,,,
EBONHAWK,Ebon Hawk,2,Light Side,Support,Old Republic|Cargo Ship,Bonus Attack|Target Lock|Evasion Down|Dispel|Gain Turn Meter|Chaff|Foresight|AoE|Buff Immunity,https://game-assets.swgoh.gg/textures/tex.charui_ebonhawk.png,,Legacy,,,
EMPERORSSHUTTLE,Emperor's Shuttle,2,Dark Side,Support,Empire|Sith,Offense Up|Target Lock|Taunt|Dispel|Protection Up|Critical Hit Immunity|Critical Damage Down|Tenacity Down|Buff Immunity,https://game-assets.swgoh.gg/textures/tex.charui_imperialshuttle.png,,Legacy,,,
FIRSTORDERTIEECHELON,TIE Echelon,2,Dark Side,Tank,First Order,Target Lock|Counter|Taunt|Protection Up|Advantage|Assist|Stealth,https://game-assets.swgoh.gg/textures/tex.charui_firstordertieechelon.png,,Legacy,,,
FURYCLASSINTERCEPTOR,Fury-class Interceptor,2,Dark Side,Support,Sith|Sith Empire,Reduce Cooldowns|Healing Immunity|Bonus Turn|Ability Block|Dispel|Protection Up|Taunt|Gain Turn Meter|Defense Down|Shock|Burning|Assist,https://game-assets.swgoh.gg/textures/tex.charui_furyclassinterceptor.png,,Conquest,,,
GAUNTLETSTARFIGHTER,Gauntlet Starfighter,2,Dark Side,Support,Empire,Heal|Target Lock|Dispel|Protection Up|Buff Immunity|+Speed,https://game-assets.swgoh.gg/textures/tex.charui_gauntlet.png,,Legacy,,,
GEONOSIANSTARFIGHTER1,Sun Fac's Geonosian Starfighter,2,Dark Side,Tank,Separatist|Geonosian,Taunt|Target Lock|Gain Turn Meter|Remove Turn Meter|Stun,https://game-assets.swgoh.gg/textures/tex.charui_geonosis_fighter_sunfac.png,,Legacy,,,
GEONOSIANSTARFIGHTER2,Geonosian Soldier's Starfighter,2,Dark Side,Attacker,Separatist|Geonosian,Offense Up|Target Lock|Evasion Down|Gain Turn Meter|Remove Turn Meter|Assist,https://game-assets.swgoh.gg/textures/tex.charui_geonosis_fighter_soldier.png,,Legacy,,,
GEONOSIANSTARFIGHTER3,Geonosian Spy's Starfighter,2,Dark Side,Attacker,Separatist|Geonosian,Stealth|Assist|Taunt|Defense Down,https://game-assets.swgoh.gg/textures/tex.charui_geonosis_fighter_spy.png,,Legacy,,,
GHOST,Ghost,2,Light Side,Attacker,Rebel|Phoenix|Cargo Ship,Target Lock|Ability Block|Protection Up|Expose|Speed Down|Gain Turn Meter|Critical Chance Down|Defense Down|AoE|Assist|+Speed|Stealth,https://game-assets.swgoh.gg/textures/tex.charui_ghost.png,,Legacy,,,
HOUNDSTOOTH,Hound's Tooth,2,Dark Side,Tank,Bounty Hunter|Scoundrel|Cargo Ship,Taunt|Counter|Dispel|Protection Up|Gain Turn Meter|Breach,https://game-assets.swgoh.gg/textures/tex.charui_houndstooth.png,,Legacy,,,
HYENABOMBER,Hyena Bomber,2,Dark Side,Tank,Separatist|Droid,Speed Up|Target Lock|Dispel|Taunt|Critical Hit Immunity|AoE|+Speed,https://game-assets.swgoh.gg/textures/tex.charui_hyenabomber.png,,Legacy,,,
IG2000,IG-2000,2,Dark Side,Attacker,Bounty Hunter|Scoundrel|Droid,Bonus Attack|Offense Up|Target Lock|Critical Chance Down|AoE|Breach|Stun,https://game-assets.swgoh.gg/textures/tex.charui_ig2000.png,,Legacy,,,
JEDISTARFIGHTERAHSOKATANO,Ahsoka Tano's Jedi Starfighter,2,Light Side,Attacker,Galactic Republic|Jedi,Reset Cooldown|Offense Up|Target Lock|Counter|Dispel|Protection Up|Gain Turn Meter|Retribution,https://game-assets.swgoh.gg/textures/tex.charui_jedi_fighter_ahsoka.png,,Legacy,,,
JEDISTARFIGHTERANAKIN,Anakin's Eta-2 Starfighter,2,Light Side,Attacker,Galactic Republic|Jedi,Healing Immunity|Offense Up|Target Lock|Protection Up|Expose|Gain Turn Meter|AoE|Buff Immunity|Accuracy Up,https://game-assets.swgoh.gg/textures/tex.charui_jedi_fighter_anakin.png,,Legacy,,,
JEDISTARFIGHTERCONSULAR,Jedi Consular's Starfighter,2,Light Side,Support,Galactic Republic|Jedi,Heal|Defense Up|Target Lock|Protection Up|Assist,https://game-assets.swgoh.gg/textures/tex.charui_jedi_fighter.png,,Legacy,,,
MARAUDER,Marauder,2,Light Side,Support,Clone Trooper|Galactic Republic,Reset Cooldown|Offense Up|Bonus Turn|Ability Block|Dispel|Target Lock|Gain Turn Meter|AoE|Critical Damage Up|Stun|Critical Chance Up|Assist|+Speed|Stealth,https://game-assets.swgoh.gg/textures/tex.charui_marauder.png,,Legacy,,,
MG100STARFORTRESSSF17,MG-100 StarFortress SF-17,2,Light Side,Tank,Resistance,Target Lock|Counter|Daze|Dispel|Evasion Down|Taunt|Critical Hit Immunity|Foresight|AoE|Tenacity Up|Remove Turn Meter|Assist,https://game-assets.swgoh.gg/textures/tex.charui_mg100.png,,Legacy,,,
MILLENNIUMFALCON,Han's Millennium Falcon,2,Light Side,Attacker,Rebel|Scoundrel|Cargo Ship,Target Lock|Counter|Dispel|Taunt|Gain Turn Meter|Foresight|AoE|Defense Penetration Up|Critical Damage Up|Assist|Accuracy Up,https://game-assets.swgoh.gg/textures/tex.charui_mfalcon.png,,Legacy,,,
MILLENNIUMFALCONEP7,Rey's Millennium Falcon,2,Light Side,Attacker,Resistance|Cargo Ship,Target Lock|Counter|Dispel|Protection Up|Gain Turn Meter|AoE,https://game-assets.swgoh.gg/textures/tex.charui_mfalcon_ep7.png,,Legacy,,,
MILLENNIUMFALCONPRISTINE,Lando's Millennium Falcon,2,Light Side,Attacker,Scoundrel|Cargo Ship,Bonus Turn|Counter|Dispel|Speed Up|Target Lock|Defense Penetration Up|Offense Down|Critical Damage Up|+Speed,https://game-assets.swgoh.gg/textures/tex.charui_mil_fal_pristine.png,,Legacy,,,
OUTRIDER,Outrider,2,Light Side,Support,Cargo Ship|Rebel|Scoundrel|Smuggler,Speed Up|Counter|Dispel|Target Lock|Taunt|Gain Turn Meter|Defense Down|AoE|Critical Damage Down|Tenacity Up|Remove Turn Meter|Critical Damage Up|Stealth,https://game-assets.swgoh.gg/textures/tex.charui_outrider.png,,Legacy,,,
PHANTOM2,Phantom II,2,Light Side,Attacker,Rebel|Phoenix|Cargo Ship,Offense Up|Defense Up|Speed Up|Dispel|Target Lock|+Speed|Taunt|Speed Down|Critical Hit Immunity|Foresight|Advantage|Critical Chance Up|Stealth,https://game-assets.swgoh.gg/textures/tex.charui_phantom2.png,,Legacy,,,
PUNISHINGONE,Punishing One,2,Dark Side,Attacker,Bounty Hunter|Scoundrel,Marked|Potency Up|Target Lock|Counter|Dispel|Taunt|AoE|Deathmark|Breach|Defense Penetration Up|Stun|Assist|+Speed|Stealth|Buff Immunity,https://game-assets.swgoh.gg/textures/tex.charui_punishingone.png,,Legacy,,,
RAVENSCLAW,Raven's Claw,2,Light Side,Support,Jedi|Rebel,Bonus Attack|Offense Up|Defense Up|Daze|Dispel|Target Lock|Taunt|Defense Down|Foresight|AoE|Remove Turn Meter|Critical Damage Up|Vulnerable|Assist|+Speed|Stealth,https://game-assets.swgoh.gg/textures/tex.charui_ravensclaw.png,,Legacy,,,
RAZORCREST,Razor Crest,2,Light Side,Attacker,Bounty Hunter|Cargo Ship|Scoundrel,Marked|Taunt|Ability Block|Dispel|Breach|Assist|+Speed|Stealth|Buff Immunity,https://game-assets.swgoh.gg/textures/tex.charui_razorcrest.png,,Conquest,,,
ROGUEONESHIP,Rogue One,2,Light Side,Support,Cargo Ship|Rebel|Rogue One,Healing Immunity|Accuracy Down|Reset Cooldown|Speed Up|Dispel|Protection Up|Target Lock|Taunt|Breach Immunity|AoE|Breach|Tenacity Up|Assist|+Speed,https://game-assets.swgoh.gg/textures/tex.charui_rogueoneship.png,,Deadly Pursuits,,,
SCYTHE,Scythe,2,Dark Side,Support,Empire|Inquisitorius|Unaligned Force User,Marked|Fear|Dispel|Protection Up|Speed Down|Gain Turn Meter|Defense Down|Foresight|AoE|Remove Turn Meter|+Speed,https://game-assets.swgoh.gg/textures/tex.charui_scythe.png,,Conquest,,,
SITHBOMBER,B-28 Extinction-class Bomber,2,Dark Side,Tank,Sith|Sith Empire,Taunt|Defense Up|Daze|Dispel|AoE,https://game-assets.swgoh.gg/textures/tex.charui_b28extinctionclassbomber.png,,Legacy,,,
SITHFIGHTER,Sith Fighter,2,Dark Side,Attacker,Sith|Sith Empire,Foresight|Healing Immunity|Gain Turn Meter,https://game-assets.swgoh.gg/textures/tex.charui_sithfighter.png,,Legacy,,,
SITHINFILTRATOR,Scimitar,2,Dark Side,Support,Sith,Target Lock|Counter|Protection Up|Critical Hit Immunity|Remove Turn Meter|Retribution|+Speed|Stealth,https://game-assets.swgoh.gg/textures/tex.charui_sithinfiltrator.png,,Legacy,,,
SITHSUPREMACYCLASS,Mark VI Interceptor,2,Dark Side,Attacker,Sith|Sith Empire,Defense Up|Counter|Dispel|Retribution|Speed Down|Potency Down|Damage Over Time|Shock|AoE|Critical Damage Down|Tenacity Up|Advantage|Critical Damage Up|Instant Defeat|Critical Chance Up|Assist|Accuracy Up,https://game-assets.swgoh.gg/textures/tex.charui_sithsupremacyclass.png,,Legacy,,,
SLAVE1,Slave I,2,Dark Side,Attacker,Bounty Hunter|Scoundrel|Cargo Ship,Reset Cooldown|Target Lock|Counter|Ability Block|Dispel|Protection Up|Taunt|Critical Hit Immunity|Gain Turn Meter|AoE|Breach|Retribution|+Speed,https://game-assets.swgoh.gg/textures/tex.charui_slave1.png,,Legacy,,,
TIEADVANCED,TIE Advanced x1,2,Dark Side,Attacker,Empire|Sith,Target Lock|Ability Block|Dispel|Evasion Down|Gain Turn Meter|Damage Over Time|AoE|Offense Down|Remove Turn Meter,https://game-assets.swgoh.gg/textures/tex.charui_tieadvanced.png,,Legacy,,,
TIEBOMBERIMPERIAL,Imperial TIE Bomber,2,Dark Side,Tank,Empire,Target Lock|Taunt|Dispel|AoE|Burning|Assist,https://game-assets.swgoh.gg/textures/tex.charui_tiebomber.png,,Legacy,,,
TIEDAGGER,TIE Dagger,2,Dark Side,Attacker,First Order|Sith,Healing Immunity|Bonus Turn|Counter|Ability Block|Dispel|Taunt|Gain Turn Meter|AoE|Critical Damage Up|Tenacity Down|Vulnerable|Assist,https://game-assets.swgoh.gg/textures/tex.charui_tiedagger.png,,Legacy,,,
TIEDEFENDER,TIE Defender,2,Dark Side,Attacker,Empire,Dispel|Gain Turn Meter|Foresight|Resilient Defense|Remove Turn Meter|Stun|Critical Chance Up,https://game-assets.swgoh.gg/textures/tex.charui_tiedefender.png,,Legacy,,,
TIEFIGHTERFIRSTORDER,First Order TIE Fighter,2,Dark Side,Attacker,First Order,Bonus Attack|Gain Turn Meter|Target Lock,https://game-assets.swgoh.gg/textures/tex.charui_firstorder_tiefighter.png,,Legacy,,,
TIEFIGHTERFOSF,First Order SF TIE Fighter,2,Dark Side,Attacker,First Order,Target Lock|Ability Block|Gain Turn Meter|Damage Over Time|AoE|Advantage|Assist,https://game-assets.swgoh.gg/textures/tex.charui_fosf_tie_fighter.png,,Legacy,,,
TIEFIGHTERIMPERIAL,Imperial TIE Fighter,2,Dark Side,Attacker,Empire,Foresight|Buff Immunity|Target Lock|Remove Turn Meter,https://game-assets.swgoh.gg/textures/tex.charui_tiefighter.png,,Legacy,,,
TIEINTERCEPTOR,TIE/IN Interceptor Prototype,2,Dark Side,Attacker,Empire|Inquisitorius,Target Lock|Counter|Dispel|Taunt|Gain Turn Meter|Foresight|AoE|Remove Turn Meter|Buff Immunity,https://game-assets.swgoh.gg/textures/tex.charui_tie_interceptor_prototype.png,,Conquest,,,
TIEREAPER,TIE Reaper,2,Dark Side,Support,Empire,Reduce Cooldowns|Defense Up|Dispel|Protection Up|Gain Turn Meter|Defense Down|AoE|Offense Down|Remove Turn Meter,https://game-assets.swgoh.gg/textures/tex.charui_tiereaper.png,,Legacy,,,
TIESILENCER,TIE Silencer,2,Dark Side,Attacker,First Order,Reduce Cooldowns|Target Lock|Counter|Dispel|Gain Turn Meter|Foresight|Advantage|Stun,https://game-assets.swgoh.gg/textures/tex.charui_tie_silencer.png,,Legacy,,,
UMBARANSTARFIGHTER,Umbaran Starfighter,2,Light Side,Tank,Galactic Republic|Clone Trooper,Defense Up|Counter|Dispel|Target Lock|Gain Turn Meter|Defense Down|AoE|Offense Down|Remove Turn Meter,https://game-assets.swgoh.gg/textures/tex.charui_umbaran_star_fighter.png,,Legacy,,,
UWINGROGUEONE,Cassian's U-wing,2,Light Side,Support,Rebel|Rogue One,Target Lock|Counter|Dispel|Expose|Gain Turn Meter|Defense Down|AoE|Offense Down|Remove Turn Meter|Tenacity Down|Assist|Stealth,https://game-assets.swgoh.gg/textures/tex.charui_uwing_hero.png,,Legacy,,,
UWINGSCARIF,Bistan's U-wing,2,Light Side,Support,Rebel|Rogue One,Offense Up|Target Lock|Gain Turn Meter|Advantage|Tenacity Down|Assist|+Speed|Stealth,https://game-assets.swgoh.gg/textures/tex.charui_uwing.png,,Legacy,,,
VULTUREDROID,Vulture Droid,2,Dark Side,Attacker,Separatist|Droid,Reset Cooldown|Ability Block|Dispel|AoE|Blind|Assist|Buff Immunity,https://game-assets.swgoh.gg/textures/tex.charui_vulturedroid.png,,Legacy,,,
XANADUBLOOD,Xanadu Blood,2,Dark Side,Support,Bounty Hunter|Scoundrel,Bonus Attack|Target Lock|Counter|Defense Down|AoE|Breach|Retribution|Assist|Stealth,https://game-assets.swgoh.gg/textures/tex.charui_xanadublood.png,,Legacy,,,
XWINGBLACKONE,Poe Dameron's X-wing,2,Light Side,Attacker,Resistance,Offense Up|Target Lock|Daze|Dispel|Gain Turn Meter|Foresight,https://game-assets.swgoh.gg/textures/tex.charui_xwing_blackone.png,,Legacy,,,
XWINGRED2,Wedge Antilles's X-wing,2,Light Side,Attacker,Rebel,Healing Immunity|Gain Turn Meter|Damage Over Time|Buff Immunity|+Speed,https://game-assets.swgoh.gg/textures/tex.charui_xwing_red2.png,,Legacy,,,
XWINGRED3,Biggs Darklighter's X-wing,2,Light Side,Tank,Rebel,Taunt|Target Lock|Protection Up|Offense Down|Assist,https://game-assets.swgoh.gg/textures/tex.charui_xwing_red3.png,,Legacy,,,
XWINGRESISTANCE,Resistance X-wing,2,Light Side,Support,Resistance,Target Lock|Daze|Dispel|Expose|Remove Turn Meter|Assist,https://game-assets.swgoh.gg/textures/tex.charui_xwing_resistance.png,,Legacy,,,
YWINGCLONEWARS,BTL-B Y-wing Starfighter,2,Light Side,Tank,Galactic Republic,Taunt|Counter|Dispel|Protection Up|Retribution,https://game-assets.swgoh.gg/textures/tex.charui_ywing_btlb.png,,Legacy,,,
YWINGREBEL,Rebel Y-wing,2,Light Side,Tank,Rebel,Assist|Taunt|Dispel|Protection Up,https://game-assets.swgoh.gg/textures/tex.charui_ywing.png,,Legacy,,,
